Origin,Destination,Carrier,ServiceLevel,Distance,Weight,Stops,ShipmentCost,OnTimeDelivery
DAL,DTW,AlphaTrans,Expedited,541.9,774.5,2,1522.14,1
CHI,SFO,AlphaTrans,Economy,724.9,1642.4,1,1129.29,1
SEA,MSP,BetaLogix,Standard,311.6,1461.3,1,738.82,0
ATL,DTW,BetaLogix,Expedited,308.3,722.1,1,865.71,0
DEN,PHL,BetaLogix,Expedited,262.7,767.5,1,763.08,0
PHX,MSP,AlphaTrans,Standard,1322.3,1533.4,1,2815.73,1
PHX,NYC,DeltaHaul,Economy,883.3,1771.5,2,1704.13,0
ATL,SJC,AlphaTrans,Economy,450.8,1266.5,3,692.27,0
CHI,SJC,BetaLogix,Expedited,601.9,1815.5,1,2087.37,1
HOU,MSP,AlphaTrans,Standard,589.5,1844.2,2,1252.65,1
LAX,MIA,DeltaHaul,Expedited,500.6,811.6,1,1311.16,1
LAX,SJC,DeltaHaul,Standard,363.5,1903.4,1,965.46,1
DAL,SJC,DeltaHaul,Expedited,397.9,1582.8,1,1306.72,1
DEN,SFO,GammaFreight,Economy,974.0,830.9,2,1362.8,0
DEN,SJC,AlphaTrans,Standard,481.9,955.2,1,882.91,1
ATL,SFO,BetaLogix,Economy,649.8,1815.4,1,1086.87,0
LAX,DTW,AlphaTrans,Economy,1100.7,2001.9,1,2003.27,0
PHX,MSP,DeltaHaul,Standard,645.9,1161.3,3,1271.19,0
ATL,DTW,DeltaHaul,Standard,810.9,2428.3,1,2131.06,0
DEN,MIA,DeltaHaul,Expedited,534.7,2025.0,1,1801.34,1
SEA,DTW,AlphaTrans,Standard,700.1,1600.7,2,1606.81,0
ATL,NYC,BetaLogix,Expedited,366.1,1546.0,2,1320.29,1
ATL,MIA,GammaFreight,Standard,626.2,1555.0,2,1340.64,0
LAX,PHL,DeltaHaul,Economy,781.8,484.4,3,962.3,0
LAX,MIA,BetaLogix,Standard,320.9,959.6,2,640.97,0
SEA,SFO,DeltaHaul,Standard,186.9,1236.0,3,349.91,1
LAX,BOS,DeltaHaul,Expedited,535.1,1073.9,1,1388.98,1
CHI,PHL,AlphaTrans,Expedited,477.2,1580.6,1,1526.39,1
PHX,MSP,GammaFreight,Economy,368.7,1344.9,1,628.1,1
LAX,SJC,DeltaHaul,Standard,878.6,1550.1,1,1965.27,1
ATL,SJC,GammaFreight,Expedited,999.5,1161.5,1,2586.5,0
SEA,MSP,DeltaHaul,Standard,415.2,1922.2,1,1084.8,1
ATL,SJC,AlphaTrans,Economy,555.8,1369.8,2,1040.14,1
DEN,MIA,DeltaHaul,Expedited,472.5,1150.1,1,1386.61,1
SEA,MIA,BetaLogix,Economy,581.7,1600.0,1,1137.34,0
DAL,NYC,GammaFreight,Expedited,677.9,1638.6,1,2000.9,0
HOU,MSP,BetaLogix,Standard,324.0,1305.8,1,636.0,1
CHI,PHL,AlphaTrans,Expedited,893.5,509.4,2,1883.71,1
DEN,NYC,BetaLogix,Economy,800.0,1749.5,3,1564.67,1
PHX,SFO,BetaLogix,Expedited,470.7,464.4,1,1186.22,0
SEA,SFO,BetaLogix,Standard,558.0,595.2,1,952.34,0
DAL,NYC,GammaFreight,Standard,657.7,1315.8,1,1265.18,1
SEA,PHL,AlphaTrans,Economy,548.4,1045.6,1,681.53,0
CHI,DTW,DeltaHaul,Economy,1002.6,1304.8,1,1578.12,1
CHI,NYC,GammaFreight,Expedited,312.6,1998.4,1,1017.98,0
ATL,SJC,GammaFreight,Standard,765.0,1477.3,1,1472.28,1
ATL,DTW,AlphaTrans,Standard,520.8,894.7,1,961.99,0
ATL,DTW,GammaFreight,Expedited,460.7,1699.4,1,1417.73,0
ATL,NYC,DeltaHaul,Expedited,547.9,573.9,1,1383.21,1
DAL,PHL,GammaFreight,Economy,715.1,956.0,1,960.32,0
HOU,SFO,BetaLogix,Economy,416.2,1247.1,2,644.86,1
HOU,BOS,GammaFreight,Expedited,348.0,975.5,1,966.51,1
SEA,NYC,AlphaTrans,Expedited,1077.6,1613.8,1,3331.91,1
DAL,SJC,AlphaTrans,Expedited,262.2,1287.7,1,908.73,0
HOU,DTW,GammaFreight,Standard,583.9,1416.0,1,1205.47,0
SEA,SJC,GammaFreight,Economy,359.7,1331.0,1,758.01,0
LAX,NYC,BetaLogix,Economy,891.3,1735.5,1,1575.66,1
DEN,MIA,GammaFreight,Standard,1144.2,773.4,1,1866.5,1
DEN,PHL,DeltaHaul,Economy,506.4,447.2,2,644.32,0
LAX,MIA,BetaLogix,Expedited,497.7,1638.3,2,1713.1,1
LAX,SFO,DeltaHaul,Standard,459.2,909.1,1,849.64,0
ATL,MIA,BetaLogix,Expedited,626.7,778.8,1,1728.47,1
LAX,PHL,DeltaHaul,Economy,280.2,1338.5,3,574.86,1
SEA,NYC,DeltaHaul,Standard,325.9,1381.9,1,766.79,1
CHI,NYC,DeltaHaul,Economy,968.3,1816.8,1,1835.62,0
CHI,BOS,DeltaHaul,Expedited,287.1,1319.0,1,725.92,0
SEA,SFO,GammaFreight,Expedited,589.5,1281.8,1,1752.98,1
DAL,NYC,GammaFreight,Economy,589.9,927.7,1,761.03,0
DEN,MIA,AlphaTrans,Standard,849.2,2019.0,1,2102.56,1
PHX,BOS,GammaFreight,Standard,671.2,1830.3,1,1468.47,1
CHI,BOS,AlphaTrans,Standard,551.6,386.8,1,984.09,1
SEA,MSP,DeltaHaul,Expedited,672.5,1965.5,1,2507.06,1
DEN,SFO,BetaLogix,Economy,815.4,968.0,1,1320.64,0
PHX,DTW,BetaLogix,Standard,500.9,1797.1,1,1354.97,0
SEA,BOS,GammaFreight,Standard,188.8,1456.8,1,316.42,1
DEN,SJC,DeltaHaul,Standard,561.8,1745.6,1,1475.39,0
DAL,PHL,AlphaTrans,Standard,1492.0,1710.0,2,3297.26,1
HOU,DTW,AlphaTrans,Standard,583.7,1485.0,1,1175.24,1
CHI,MIA,AlphaTrans,Economy,882.4,1609.9,1,1361.96,1
SEA,BOS,BetaLogix,Expedited,237.3,839.3,1,644.07,1
SEA,NYC,AlphaTrans,Economy,598.5,2827.9,3,1160.32,1
CHI,MIA,BetaLogix,Expedited,904.6,902.9,1,2504.73,1
DAL,DTW,DeltaHaul,Expedited,776.2,1457.2,1,2425.73,0
CHI,SFO,BetaLogix,Economy,523.5,1300.0,1,921.62,0
PHX,DTW,DeltaHaul,Expedited,1309.8,1453.7,1,4037.19,0
DAL,DTW,GammaFreight,Expedited,443.3,728.8,2,997.96,0
CHI,BOS,GammaFreight,Expedited,555.5,1262.8,2,1567.45,0
DEN,MIA,BetaLogix,Expedited,642.0,845.3,1,1834.59,1
DEN,NYC,GammaFreight,Standard,380.4,418.9,2,617.23,0
PHX,BOS,GammaFreight,Economy,306.4,1035.8,1,275.37,1
DEN,SFO,DeltaHaul,Economy,752.5,2149.6,1,1525.54,1
SEA,SFO,DeltaHaul,Standard,735.1,980.3,1,1510.47,0
ATL,MSP,BetaLogix,Standard,895.5,1470.3,1,2080.79,1
DEN,SFO,BetaLogix,Standard,810.9,1513.6,2,1960.86,0
HOU,SJC,AlphaTrans,Economy,731.9,1696.4,3,1389.48,1
DEN,BOS,AlphaTrans,Standard,393.4,1345.4,1,811.45,0
CHI,BOS,GammaFreight,Economy,794.9,1682.8,1,1273.84,0
SEA,BOS,GammaFreight,Standard,546.5,1498.0,1,1152.67,1
HOU,NYC,DeltaHaul,Economy,325.3,2049.6,2,681.5,1
CHI,SJC,BetaLogix,Expedited,862.8,839.8,1,2423.39,1
PHX,MSP,AlphaTrans,Standard,515.8,1743.9,1,1114.65,1
CHI,SFO,AlphaTrans,Expedited,139.2,1429.0,2,457.76,0
DEN,MIA,BetaLogix,Standard,486.8,998.8,1,1011.04,1
DEN,SJC,BetaLogix,Economy,392.2,1242.2,2,701.84,0
ATL,MIA,BetaLogix,Expedited,477.7,2140.7,1,1684.98,0
PHX,DTW,AlphaTrans,Expedited,421.6,1218.6,1,1337.5,1
LAX,BOS,DeltaHaul,Expedited,425.7,1723.1,2,1600.86,1
DEN,SFO,BetaLogix,Standard,679.7,1394.5,2,1489.32,1
LAX,MSP,GammaFreight,Standard,502.6,1938.0,2,1105.9,0
HOU,SFO,AlphaTrans,Standard,313.4,1185.2,2,603.68,1
PHX,BOS,DeltaHaul,Expedited,722.0,1778.9,1,2427.19,1
PHX,NYC,BetaLogix,Economy,714.2,1099.0,2,1144.83,0
HOU,MIA,GammaFreight,Expedited,846.1,1375.9,1,2344.87,0
ATL,MIA,AlphaTrans,Expedited,433.7,667.0,1,1224.84,1
DEN,PHL,BetaLogix,Economy,888.0,772.1,1,1291.9,1
DEN,DTW,GammaFreight,Economy,581.8,1274.3,1,921.9,0
DAL,MSP,BetaLogix,Expedited,843.1,1202.9,2,2670.17,0
HOU,DTW,GammaFreight,Expedited,1028.0,448.0,1,2310.05,1
LAX,BOS,DeltaHaul,Economy,373.9,1381.6,1,678.92,0
ATL,MIA,AlphaTrans,Expedited,433.6,1338.4,1,1279.29,0
DAL,MSP,DeltaHaul,Expedited,513.3,799.3,1,1347.77,0
SEA,MIA,AlphaTrans,Economy,645.2,1763.1,1,1194.28,0
ATL,NYC,AlphaTrans,Standard,362.9,1280.3,1,826.92,1
LAX,SJC,BetaLogix,Expedited,668.8,773.3,1,1685.54,1
SEA,BOS,DeltaHaul,Expedited,640.4,1643.5,2,2236.5,0
ATL,BOS,AlphaTrans,Standard,369.2,282.7,1,745.71,1
DEN,SJC,GammaFreight,Economy,481.0,430.4,1,523.94,0
PHX,MSP,BetaLogix,Standard,823.2,557.6,1,1426.74,1
DEN,DTW,GammaFreight,Expedited,1082.4,1378.9,1,3143.6,1
CHI,SJC,GammaFreight,Standard,625.9,1567.0,1,1186.93,0
DEN,SJC,GammaFreight,Economy,657.8,830.3,1,897.38,1
LAX,DTW,BetaLogix,Expedited,503.0,1444.5,2,1695.16,0
DAL,MSP,DeltaHaul,Standard,427.2,1941.3,1,907.77,1
DEN,MIA,GammaFreight,Expedited,895.7,959.7,1,2151.53,0
ATL,MIA,GammaFreight,Economy,890.0,555.1,1,1224.85,0
PHX,MSP,AlphaTrans,Standard,651.4,2423.7,1,1728.87,0
LAX,DTW,BetaLogix,Economy,480.1,1361.6,1,841.33,0
LAX,SFO,DeltaHaul,Expedited,733.1,651.4,1,1963.39,1
DEN,PHL,AlphaTrans,Expedited,293.0,994.2,1,932.45,1
PHX,SJC,DeltaHaul,Economy,1225.5,105.7,2,1268.41,0
DEN,MIA,GammaFreight,Expedited,744.5,719.5,1,1717.95,1
DAL,BOS,GammaFreight,Economy,348.7,1318.2,2,539.93,0
LAX,SFO,BetaLogix,Economy,315.9,1389.5,1,591.35,0
DAL,MSP,GammaFreight,Economy,534.1,387.0,2,574.37,0
LAX,NYC,BetaLogix,Expedited,389.4,1471.5,1,1458.72,0
ATL,BOS,GammaFreight,Economy,530.2,1050.1,1,579.45,1
DAL,DTW,GammaFreight,Expedited,385.5,1421.7,3,1038.92,1
DEN,SFO,AlphaTrans,Economy,760.6,1964.0,2,1374.28,1
DAL,DTW,GammaFreight,Expedited,1227.5,1639.6,2,3736.72,1
LAX,SJC,DeltaHaul,Standard,559.1,1245.4,2,1360.52,1
SEA,BOS,DeltaHaul,Economy,251.6,1072.0,1,423.05,0
CHI,SJC,AlphaTrans,Standard,548.9,790.9,3,1041.19,0
SEA,BOS,AlphaTrans,Standard,237.5,580.2,1,477.02,1
SEA,BOS,GammaFreight,Economy,830.6,822.6,1,1080.22,1
DAL,MIA,AlphaTrans,Standard,1066.7,1635.9,1,2305.51,0
CHI,MIA,BetaLogix,Standard,662.3,1119.6,1,1318.72,0
SEA,PHL,AlphaTrans,Economy,374.0,398.8,1,460.31,1
HOU,NYC,DeltaHaul,Standard,312.1,946.2,1,712.42,0
ATL,NYC,BetaLogix,Economy,737.4,1851.5,2,1402.05,0
CHI,MIA,DeltaHaul,Economy,818.8,1077.9,1,1222.22,0
SEA,BOS,AlphaTrans,Standard,828.6,527.0,1,1294.21,1
SEA,BOS,AlphaTrans,Economy,317.6,1406.3,1,513.42,1
ATL,MSP,AlphaTrans,Standard,295.4,1333.4,1,652.33,1
DAL,SJC,GammaFreight,Economy,660.7,913.3,2,822.69,1
SEA,SFO,DeltaHaul,Economy,480.8,1410.7,1,860.16,1
PHX,SJC,GammaFreight,Economy,408.8,1393.9,1,644.45,1
DEN,SJC,GammaFreight,Standard,251.8,1277.5,1,549.85,1
PHX,SFO,GammaFreight,Expedited,647.5,1910.0,1,2142.62,1
PHX,SFO,DeltaHaul,Standard,994.5,1381.4,2,2054.62,0
PHX,MSP,BetaLogix,Economy,165.7,1216.2,2,284.22,0
ATL,SJC,AlphaTrans,Standard,915.0,1315.5,1,1742.88,0
CHI,DTW,GammaFreight,Economy,574.9,1359.9,1,824.42,0
SEA,NYC,DeltaHaul,Expedited,584.0,1456.9,1,1809.23,1
DEN,NYC,DeltaHaul,Expedited,479.9,1219.4,1,1560.65,1
SEA,SFO,AlphaTrans,Standard,504.1,1990.9,1,1258.28,1
DAL,SFO,GammaFreight,Standard,421.9,743.6,2,630.99,0
SEA,SFO,BetaLogix,Expedited,679.9,1666.9,1,2234.82,0
CHI,NYC,AlphaTrans,Standard,553.5,994.5,2,1244.89,1
DAL,MIA,BetaLogix,Economy,1018.2,1264.5,2,1715.12,0
CHI,SJC,GammaFreight,Economy,285.1,1822.4,1,364.45,1
DEN,DTW,AlphaTrans,Standard,146.5,1561.7,1,273.05,0
DEN,DTW,GammaFreight,Expedited,454.6,1293.2,1,1146.36,1
DAL,DTW,GammaFreight,Economy,346.0,1204.1,1,501.64,0
SEA,SJC,DeltaHaul,Economy,443.8,676.3,1,619.01,0
CHI,DTW,BetaLogix,Economy,713.5,1920.7,1,1479.44,0
HOU,SJC,BetaLogix,Economy,507.9,1310.2,2,776.38,1
CHI,SJC,AlphaTrans,Expedited,1060.1,1499.7,1,3200.8,1
CHI,BOS,GammaFreight,Economy,438.6,1929.7,2,815.67,0
HOU,SJC,AlphaTrans,Expedited,396.8,1097.5,1,1166.02,0
DEN,DTW,AlphaTrans,Expedited,705.7,689.9,1,1827.46,0
ATL,SJC,GammaFreight,Expedited,431.5,903.0,1,937.99,1
DAL,MIA,BetaLogix,Economy,308.0,679.4,2,484.22,0
SEA,NYC,AlphaTrans,Economy,1068.9,2103.8,3,2082.78,0
DEN,NYC,AlphaTrans,Expedited,380.6,1018.5,1,1110.37,1
DEN,SFO,AlphaTrans,Economy,377.2,307.5,1,444.69,0
PHX,MIA,GammaFreight,Economy,767.1,547.4,3,1002.71,1
CHI,NYC,AlphaTrans,Economy,560.8,2290.2,1,1216.02,0
ATL,DTW,BetaLogix,Expedited,905.4,1391.1,1,2878.07,0
LAX,PHL,DeltaHaul,Expedited,440.6,1697.3,1,1484.35,1
ATL,MIA,BetaLogix,Economy,579.2,607.9,1,790.26,0
LAX,MSP,GammaFreight,Economy,896.3,1787.3,2,1482.51,1
DAL,MIA,DeltaHaul,Expedited,350.3,612.1,1,772.06,1
PHX,MSP,GammaFreight,Standard,674.8,1128.0,1,1207.38,1
LAX,NYC,GammaFreight,Expedited,426.7,1397.3,2,1306.96,0
HOU,BOS,DeltaHaul,Economy,797.9,1259.8,1,1312.49,0
HOU,NYC,GammaFreight,Standard,439.3,1346.7,1,854.1,1
PHX,MIA,BetaLogix,Economy,652.3,858.1,1,963.12,0
ATL,PHL,DeltaHaul,Expedited,180.9,1141.1,3,448.06,1
HOU,MIA,GammaFreight,Economy,285.6,708.7,1,461.48,1
HOU,MSP,AlphaTrans,Standard,343.3,1948.7,2,682.96,0
ATL,NYC,BetaLogix,Economy,736.6,1190.8,2,1108.58,1
CHI,SJC,DeltaHaul,Expedited,474.9,724.4,1,1224.07,1
DAL,SFO,DeltaHaul,Expedited,156.7,2134.7,1,639.06,1
LAX,MSP,GammaFreight,Expedited,814.7,1013.2,1,2211.07,0
ATL,DTW,DeltaHaul,Expedited,703.2,1628.8,1,2375.68,1
DEN,BOS,DeltaHaul,Standard,1093.1,994.2,1,2128.76,1
HOU,MIA,GammaFreight,Economy,277.7,1290.4,1,458.92,0
LAX,PHL,AlphaTrans,Economy,584.6,1590.5,1,762.83,1
CHI,PHL,BetaLogix,Standard,624.7,1143.0,2,1353.62,0
SEA,PHL,BetaLogix,Economy,427.0,1511.8,2,870.29,1
DAL,BOS,DeltaHaul,Standard,274.0,1824.0,1,539.12,1
PHX,SJC,DeltaHaul,Standard,293.6,780.6,2,581.26,1
DAL,MIA,DeltaHaul,Standard,682.2,396.4,1,957.73,1
HOU,SFO,AlphaTrans,Standard,697.4,1037.8,1,1369.79,1
CHI,NYC,AlphaTrans,Expedited,458.2,1698.0,1,1410.9,1
DAL,SJC,GammaFreight,Standard,1031.1,993.4,1,1994.45,1
LAX,MSP,AlphaTrans,Standard,421.3,1833.0,1,1043.57,1
LAX,MIA,AlphaTrans,Expedited,434.4,1544.0,1,1373.99,1
SEA,MIA,AlphaTrans,Standard,834.5,1577.0,1,1796.7,0
HOU,SFO,BetaLogix,Standard,570.1,1185.0,2,1282.26,1
CHI,BOS,DeltaHaul,Expedited,558.9,930.8,1,1581.13,0
DEN,MSP,BetaLogix,Standard,373.8,1148.8,1,808.74,1
LAX,NYC,AlphaTrans,Economy,746.8,1258.0,1,1058.08,1
DAL,NYC,DeltaHaul,Standard,473.3,1245.1,2,1062.32,0
LAX,NYC,AlphaTrans,Expedited,1149.9,1299.4,1,3303.53,0
SEA,MSP,DeltaHaul,Standard,893.7,1092.8,3,1670.19,0
DAL,SJC,BetaLogix,Standard,483.0,1055.9,2,997.02,1
CHI,DTW,AlphaTrans,Expedited,740.5,1808.5,2,2443.68,0
HOU,MIA,AlphaTrans,Expedited,1479.5,786.4,2,3764.93,1
SEA,DTW,BetaLogix,Economy,379.5,1151.8,1,596.69,1
SEA,SFO,AlphaTrans,Economy,887.0,2014.7,1,1580.09,0
HOU,SFO,DeltaHaul,Economy,607.3,1181.5,1,986.7,1
DEN,BOS,AlphaTrans,Economy,1398.4,1687.9,1,2411.58,0
HOU,SFO,BetaLogix,Expedited,649.3,982.4,1,1728.31,1
ATL,SFO,GammaFreight,Economy,557.1,742.5,1,690.03,1
HOU,NYC,AlphaTrans,Economy,507.5,2148.0,1,982.49,0
HOU,BOS,AlphaTrans,Expedited,1313.1,747.1,1,3195.36,1
DAL,SFO,AlphaTrans,Standard,684.3,1256.0,1,1397.1,1
SEA,MSP,GammaFreight,Standard,810.3,2024.5,1,1837.91,1
PHX,SFO,DeltaHaul,Standard,527.8,677.3,1,909.48,0
CHI,SFO,BetaLogix,Standard,634.1,1574.9,1,1408.22,0
CHI,SFO,DeltaHaul,Standard,606.6,1513.9,1,1297.28,0
LAX,NYC,DeltaHaul,Expedited,314.5,1254.5,1,1034.96,0
HOU,MSP,BetaLogix,Economy,1251.9,2144.4,2,2648.45,0
PHX,MSP,BetaLogix,Economy,645.1,1385.1,1,1032.74,0
CHI,MIA,DeltaHaul,Economy,272.1,1309.7,1,438.03,0
PHX,DTW,BetaLogix,Standard,1365.2,831.2,1,2478.98,0
DEN,MSP,AlphaTrans,Expedited,344.5,1221.4,1,992.6,0
DEN,MSP,DeltaHaul,Standard,358.1,1555.7,1,823.57,0
DEN,SJC,DeltaHaul,Expedited,351.8,1676.3,1,1180.36,0
PHX,DTW,GammaFreight,Expedited,368.9,1609.7,2,933.69,0
CHI,MSP,GammaFreight,Standard,463.3,422.3,1,791.42,0
SEA,BOS,DeltaHaul,Expedited,896.0,1230.6,1,2603.09,1
CHI,MIA,BetaLogix,Standard,432.9,855.2,1,735.41,1
PHX,SJC,BetaLogix,Economy,692.2,520.0,2,877.32,1
PHX,DTW,AlphaTrans,Expedited,848.7,954.3,1,2337.58,1
CHI,NYC,DeltaHaul,Expedited,644.8,1034.4,1,1865.97,0
DAL,MIA,DeltaHaul,Economy,1175.3,772.3,1,1605.62,0
HOU,SJC,BetaLogix,Economy,745.2,1261.6,2,1244.23,1
CHI,SFO,DeltaHaul,Expedited,282.6,1618.9,2,859.41,0
DAL,MSP,BetaLogix,Economy,758.2,1494.2,1,1401.22,1
ATL,BOS,DeltaHaul,Economy,565.5,1032.4,1,921.22,0
LAX,SFO,BetaLogix,Expedited,305.3,1665.7,1,1163.0,1
DEN,BOS,BetaLogix,Standard,481.9,933.4,1,961.72,0
DAL,MIA,GammaFreight,Expedited,176.0,2038.9,1,697.41,1
LAX,SFO,BetaLogix,Expedited,522.5,1353.5,1,1590.51,1
LAX,NYC,BetaLogix,Standard,699.5,1682.9,1,1658.22,0
ATL,SFO,AlphaTrans,Economy,731.9,1017.5,1,1129.04,1
ATL,PHL,BetaLogix,Expedited,368.3,1131.4,2,1196.04,1
ATL,MSP,BetaLogix,Economy,211.0,1300.2,1,497.12,1
PHX,NYC,AlphaTrans,Economy,624.9,1191.4,1,898.66,1
DEN,BOS,DeltaHaul,Standard,491.3,1056.3,1,1029.36,0
DAL,PHL,AlphaTrans,Expedited,808.1,590.2,1,1826.77,1
ATL,MSP,BetaLogix,Standard,641.0,950.1,1,1109.66,1
SEA,SFO,DeltaHaul,Standard,647.5,697.5,1,1163.44,1
CHI,MSP,DeltaHaul,Standard,837.5,395.9,1,1466.54,1
DAL,MSP,AlphaTrans,Expedited,222.9,1347.9,1,794.95,0
HOU,SFO,AlphaTrans,Expedited,655.3,867.0,1,1632.56,1
ATL,SFO,BetaLogix,Standard,127.9,1863.6,2,360.33,0
DAL,SFO,GammaFreight,Expedited,829.0,892.1,1,1966.09,1
ATL,SJC,DeltaHaul,Expedited,1135.3,813.8,1,2981.6,1
LAX,DTW,AlphaTrans,Economy,514.9,1765.4,1,954.56,0
CHI,DTW,BetaLogix,Economy,600.5,1539.2,1,1032.6,1
LAX,PHL,AlphaTrans,Standard,517.8,1741.8,1,1186.97,1
DEN,DTW,GammaFreight,Standard,310.4,1122.3,1,525.31,1
ATL,NYC,GammaFreight,Economy,283.1,436.6,1,293.49,1
DAL,SJC,BetaLogix,Economy,572.6,1558.5,1,944.23,1
SEA,DTW,GammaFreight,Economy,512.4,1701.0,1,772.77,0
CHI,PHL,DeltaHaul,Expedited,381.8,1103.9,2,1267.36,1
LAX,NYC,BetaLogix,Economy,533.9,2050.1,2,1133.04,0
PHX,MIA,BetaLogix,Standard,595.2,1520.1,1,1210.18,0
DEN,MIA,DeltaHaul,Economy,1231.2,1256.7,1,1965.8,1
CHI,DTW,AlphaTrans,Economy,701.7,1550.2,1,1201.11,0
CHI,NYC,BetaLogix,Economy,1039.3,810.7,2,1670.02,0
ATL,NYC,AlphaTrans,Standard,446.5,1310.2,1,813.23,0
CHI,NYC,DeltaHaul,Standard,345.8,582.6,1,642.2,1
HOU,MSP,DeltaHaul,Standard,433.9,1336.2,1,908.98,1
HOU,MIA,AlphaTrans,Standard,1015.1,1340.1,1,2072.36,0
LAX,MSP,AlphaTrans,Economy,921.6,1355.0,1,1500.19,0
LAX,NYC,AlphaTrans,Standard,382.7,1173.4,1,581.84,0
SEA,NYC,BetaLogix,Economy,262.6,769.2,1,435.28,1
DAL,MSP,GammaFreight,Economy,1303.5,2268.5,1,2432.63,1
PHX,PHL,BetaLogix,Expedited,583.6,773.1,3,1649.71,1
ATL,BOS,GammaFreight,Standard,514.0,679.5,1,746.9,1
LAX,SFO,BetaLogix,Standard,1207.4,1202.2,3,2550.99,1
DAL,SFO,AlphaTrans,Expedited,251.6,1185.6,1,843.23,1
SEA,SJC,AlphaTrans,Economy,135.5,1349.6,1,230.41,1
DEN,PHL,BetaLogix,Standard,404.2,1615.3,2,1039.06,0
LAX,MSP,DeltaHaul,Economy,852.8,764.4,1,1213.43,1
DAL,NYC,GammaFreight,Expedited,609.1,1906.9,1,2054.67,1
DEN,BOS,BetaLogix,Standard,516.2,1085.4,1,1185.44,0
ATL,PHL,BetaLogix,Economy,634.5,468.9,1,666.06,0
ATL,BOS,GammaFreight,Economy,447.1,1475.2,1,648.1,1
LAX,MIA,AlphaTrans,Expedited,434.3,1169.3,1,1239.63,1
HOU,BOS,AlphaTrans,Economy,805.4,1325.6,2,1451.98,1
CHI,PHL,AlphaTrans,Expedited,614.4,1681.7,1,2065.58,0
LAX,MSP,DeltaHaul,Expedited,460.0,1884.8,2,1672.8,0
DAL,SJC,GammaFreight,Expedited,489.8,802.7,1,1238.17,0
DEN,SFO,AlphaTrans,Standard,593.2,91.6,1,747.46,0
ATL,MSP,DeltaHaul,Expedited,144.4,1070.9,1,473.42,0
PHX,MIA,AlphaTrans,Standard,863.0,954.9,2,1475.46,1
LAX,BOS,DeltaHaul,Economy,192.8,1132.3,2,351.62,0
ATL,SFO,DeltaHaul,Standard,315.0,468.3,1,565.56,0
LAX,DTW,AlphaTrans,Economy,232.0,1047.5,1,427.87,0
ATL,BOS,DeltaHaul,Expedited,615.5,865.9,2,1554.0,0
PHX,SJC,GammaFreight,Standard,470.9,734.8,1,749.98,1
HOU,BOS,GammaFreight,Standard,921.2,396.2,2,1268.54,1
PHX,NYC,AlphaTrans,Standard,440.4,1028.1,1,939.54,1
DAL,SFO,BetaLogix,Expedited,133.4,1826.6,1,633.27,1
LAX,SJC,DeltaHaul,Expedited,398.4,1067.3,2,1236.3,1
ATL,MSP,BetaLogix,Standard,1091.4,306.0,2,1655.36,0
LAX,MIA,AlphaTrans,Expedited,339.5,2060.4,1,1199.74,1
DAL,DTW,GammaFreight,Expedited,407.1,360.0,1,910.58,0
LAX,MIA,AlphaTrans,Standard,843.9,1194.1,1,1668.59,1
DEN,MIA,AlphaTrans,Expedited,745.7,933.3,2,2039.12,1
CHI,BOS,DeltaHaul,Economy,606.7,930.7,2,925.0,0
ATL,SJC,DeltaHaul,Standard,656.2,967.4,1,1265.82,0
DAL,SFO,BetaLogix,Expedited,1330.0,1525.2,3,4348.42,1
SEA,MIA,BetaLogix,Economy,680.8,1197.0,1,1171.65,1
HOU,SJC,AlphaTrans,Standard,851.2,1680.4,2,1759.88,0
PHX,DTW,DeltaHaul,Economy,943.2,2407.5,2,2031.16,1
CHI,MIA,AlphaTrans,Expedited,780.8,1599.1,1,2270.93,1
PHX,MSP,DeltaHaul,Economy,245.5,1569.8,1,532.37,1
PHX,SJC,GammaFreight,Economy,381.0,1093.4,1,546.25,1
PHX,DTW,DeltaHaul,Standard,1045.7,1669.5,1,2329.67,0
LAX,BOS,BetaLogix,Standard,172.6,1363.7,1,490.36,0
SEA,DTW,AlphaTrans,Economy,506.6,965.4,1,786.31,1
LAX,PHL,DeltaHaul,Economy,447.5,1254.6,3,730.36,0
CHI,SJC,BetaLogix,Economy,610.7,1014.7,1,1068.7,0
DEN,MIA,BetaLogix,Expedited,870.3,1599.9,1,2926.99,1
HOU,SFO,AlphaTrans,Expedited,544.9,533.6,2,1308.0,0
HOU,MIA,BetaLogix,Expedited,401.0,1212.6,1,1261.74,1
LAX,BOS,AlphaTrans,Standard,491.5,1648.5,1,1109.83,0
LAX,PHL,AlphaTrans,Standard,902.6,1837.0,1,2072.97,1
DEN,PHL,DeltaHaul,Standard,932.4,1116.2,3,1950.92,1
HOU,MSP,GammaFreight,Standard,211.9,1621.6,1,433.67,1
HOU,SFO,DeltaHaul,Economy,350.6,1807.9,1,720.25,1
HOU,SJC,BetaLogix,Standard,561.6,1170.2,3,1146.12,1
PHX,PHL,GammaFreight,Standard,441.5,1947.8,1,1005.26,1
SEA,SJC,BetaLogix,Economy,579.5,1067.5,1,941.1,0
LAX,MIA,GammaFreight,Economy,1131.9,592.8,1,1300.26,1
ATL,DTW,AlphaTrans,Expedited,481.7,874.2,1,1244.12,1
CHI,DTW,BetaLogix,Economy,1106.1,1181.4,2,1844.42,0
PHX,DTW,GammaFreight,Economy,149.3,1641.5,1,192.53,0
HOU,SJC,DeltaHaul,Standard,287.4,557.8,1,556.42,1
DEN,NYC,AlphaTrans,Economy,954.9,1261.2,1,1505.01,0
LAX,DTW,AlphaTrans,Expedited,774.8,2006.1,1,2670.31,1
DAL,BOS,BetaLogix,Economy,904.7,1077.9,1,1376.42,0
LAX,MIA,BetaLogix,Expedited,223.4,1480.9,1,679.87,1
ATL,SJC,GammaFreight,Standard,746.9,1261.0,2,1578.86,0
ATL,MIA,AlphaTrans,Economy,544.0,1260.3,1,811.97,0
SEA,BOS,AlphaTrans,Expedited,222.1,739.2,2,483.29,0
DEN,BOS,BetaLogix,Expedited,441.2,661.6,2,1089.43,1
DEN,MIA,AlphaTrans,Standard,537.9,1303.8,3,1159.59,1
HOU,PHL,DeltaHaul,Economy,1038.9,1522.1,2,1723.96,0
CHI,SFO,GammaFreight,Standard,620.4,1504.1,1,1136.87,1
LAX,MIA,AlphaTrans,Expedited,780.0,1583.8,1,2370.89,1
CHI,NYC,AlphaTrans,Standard,519.8,1491.7,1,1190.65,1
DAL,MIA,AlphaTrans,Expedited,487.5,1158.3,2,1478.34,0
CHI,SJC,GammaFreight,Economy,1424.3,912.8,2,1780.17,1
DEN,DTW,BetaLogix,Expedited,352.4,1704.5,2,1079.97,1
PHX,DTW,DeltaHaul,Economy,192.6,917.5,1,422.37,0
CHI,NYC,BetaLogix,Expedited,930.2,1255.4,3,2808.47,0
HOU,MSP,AlphaTrans,Standard,319.4,270.2,1,443.98,1
DEN,MIA,DeltaHaul,Standard,599.7,2004.0,1,1471.56,0
DEN,MSP,AlphaTrans,Expedited,690.4,1027.7,1,1746.56,1
DAL,MIA,GammaFreight,Expedited,487.8,312.9,1,1040.03,0
SEA,NYC,GammaFreight,Standard,415.4,1932.9,2,851.5,0
ATL,SFO,GammaFreight,Standard,710.2,1228.9,2,1311.4,0
PHX,NYC,AlphaTrans,Expedited,330.7,1226.8,1,1128.06,0
PHX,SFO,BetaLogix,Expedited,298.3,2082.3,2,1135.71,1
CHI,MSP,BetaLogix,Standard,854.4,1027.4,1,1694.54,1
DEN,SFO,AlphaTrans,Economy,511.4,1957.8,1,829.94,0
DEN,NYC,AlphaTrans,Economy,570.9,615.0,1,541.52,1
DAL,SJC,DeltaHaul,Economy,1067.0,1467.9,1,1851.7,0
DAL,BOS,GammaFreight,Economy,543.8,1404.2,1,904.27,0
ATL,NYC,BetaLogix,Standard,490.0,1615.4,1,1176.28,0
PHX,BOS,BetaLogix,Expedited,451.4,756.9,2,1240.95,1
HOU,SJC,DeltaHaul,Economy,770.2,453.2,1,977.34,1
DAL,SJC,DeltaHaul,Standard,305.1,2393.8,1,948.71,0
ATL,SJC,AlphaTrans,Economy,800.7,1757.7,1,1451.04,0
PHX,DTW,AlphaTrans,Expedited,734.7,1139.0,1,2121.4,1
LAX,MSP,AlphaTrans,Standard,1133.2,1514.8,2,2425.61,1
DAL,SJC,GammaFreight,Expedited,481.6,945.0,2,1146.94,1
DEN,MSP,BetaLogix,Expedited,391.0,1294.9,1,1178.62,0
PHX,MIA,DeltaHaul,Standard,480.5,852.8,1,624.19,1
LAX,BOS,BetaLogix,Expedited,655.8,1177.3,3,2004.84,1
LAX,MSP,AlphaTrans,Expedited,916.5,639.1,1,2121.48,0
DEN,PHL,GammaFreight,Economy,379.4,2122.0,1,849.97,1
DAL,MIA,BetaLogix,Expedited,312.7,1183.9,2,1002.91,1
ATL,MSP,AlphaTrans,Expedited,620.9,914.3,1,1785.07,1
DEN,MIA,DeltaHaul,Expedited,517.6,773.5,2,1298.41,1
DEN,BOS,AlphaTrans,Economy,871.1,2067.1,1,1711.41,0
LAX,BOS,AlphaTrans,Expedited,369.5,1253.1,1,1114.58,1
HOU,PHL,BetaLogix,Expedited,748.9,1962.7,1,2823.66,1
CHI,MIA,GammaFreight,Economy,315.3,1357.8,1,468.73,0
PHX,BOS,DeltaHaul,Economy,1234.2,1564.8,1,2083.05,1
PHX,NYC,DeltaHaul,Standard,157.8,1366.1,1,397.27,1
SEA,SFO,DeltaHaul,Standard,451.2,653.9,2,825.47,1
LAX,SJC,GammaFreight,Expedited,1291.1,1905.1,1,4092.56,0
LAX,SFO,DeltaHaul,Economy,1072.7,1400.3,1,1639.19,0
CHI,DTW,AlphaTrans,Standard,741.5,956.4,1,1478.17,1
ATL,BOS,GammaFreight,Standard,353.5,1245.2,3,588.9,1
PHX,MSP,DeltaHaul,Economy,701.3,1437.6,1,1193.54,0
HOU,PHL,GammaFreight,Expedited,595.2,1049.3,2,1582.91,0
HOU,BOS,AlphaTrans,Expedited,323.6,842.4,1,639.46,0
LAX,PHL,BetaLogix,Economy,567.6,725.8,1,826.01,0
DEN,MIA,GammaFreight,Expedited,538.0,1120.3,1,1431.21,1
DAL,NYC,BetaLogix,Economy,435.0,1785.7,1,829.14,0
DAL,MIA,GammaFreight,Expedited,487.8,949.0,1,1282.02,1
SEA,MSP,AlphaTrans,Standard,713.4,968.6,1,1191.98,0
LAX,NYC,BetaLogix,Economy,900.7,1103.2,1,1472.72,1
SEA,PHL,DeltaHaul,Expedited,255.4,1073.9,1,677.68,0
DAL,BOS,DeltaHaul,Expedited,370.5,1384.0,1,1117.77,1
HOU,BOS,BetaLogix,Economy,459.4,1189.0,1,745.2,1
HOU,DTW,GammaFreight,Expedited,300.5,984.2,1,883.93,0
CHI,BOS,BetaLogix,Standard,970.5,1328.0,1,2082.07,0
HOU,BOS,DeltaHaul,Expedited,520.4,1694.8,1,1661.53,1
SEA,MIA,GammaFreight,Standard,507.9,1584.9,1,1152.57,0
ATL,MIA,BetaLogix,Expedited,533.4,1073.2,2,1513.97,0
HOU,PHL,GammaFreight,Standard,799.4,1546.4,2,1607.03,0
DEN,NYC,GammaFreight,Standard,1054.0,1253.2,1,2085.44,0
DEN,NYC,AlphaTrans,Expedited,425.6,1009.3,1,1206.29,1
LAX,MSP,AlphaTrans,Expedited,862.4,346.1,1,1836.56,1
SEA,NYC,GammaFreight,Economy,583.4,1402.7,1,808.14,1
DAL,BOS,DeltaHaul,Standard,659.5,1183.0,1,1375.2,0
DAL,MIA,DeltaHaul,Economy,762.9,1650.3,1,1221.6,0
HOU,SFO,GammaFreight,Expedited,406.9,2160.1,1,1500.74,1
HOU,SFO,GammaFreight,Economy,246.0,846.9,1,357.19,0
PHX,BOS,AlphaTrans,Standard,593.6,587.6,1,915.46,0
DAL,MSP,DeltaHaul,Standard,434.4,691.6,2,838.79,0
DAL,SFO,AlphaTrans,Economy,475.6,1446.6,1,944.34,0
PHX,NYC,DeltaHaul,Standard,1138.7,1083.9,2,2289.21,1
HOU,NYC,DeltaHaul,Economy,568.6,1322.1,1,900.82,0
PHX,PHL,BetaLogix,Standard,899.8,1163.3,1,1904.68,0
ATL,BOS,GammaFreight,Economy,263.7,1705.5,1,597.75,0
ATL,PHL,BetaLogix,Expedited,942.6,1264.3,1,3008.13,0
DAL,NYC,DeltaHaul,Standard,600.2,701.2,1,1048.62,0
CHI,MIA,AlphaTrans,Standard,126.8,846.6,1,251.06,1
ATL,BOS,GammaFreight,Standard,380.7,1701.3,2,883.11,1
LAX,MSP,BetaLogix,Economy,637.1,972.6,1,970.92,0
SEA,SJC,DeltaHaul,Standard,779.3,1557.2,1,1666.81,0
DAL,PHL,DeltaHaul,Expedited,471.4,1294.3,3,1562.23,1
DEN,PHL,BetaLogix,Expedited,553.5,1680.6,2,1971.48,1
ATL,NYC,GammaFreight,Standard,336.4,1949.3,1,852.85,0
DEN,PHL,BetaLogix,Expedited,995.3,882.9,1,2668.19,1
HOU,DTW,BetaLogix,Standard,309.0,1815.9,1,756.41,0
CHI,MSP,AlphaTrans,Economy,475.4,758.1,1,611.88,0
SEA,NYC,AlphaTrans,Economy,527.9,1678.1,1,866.01,0
SEA,MIA,BetaLogix,Economy,975.9,1019.0,2,1499.82,1
DEN,DTW,BetaLogix,Standard,1156.1,173.3,1,1670.09,0
HOU,PHL,DeltaHaul,Economy,808.5,2271.3,1,1728.86,0
SEA,NYC,GammaFreight,Expedited,532.6,1195.9,1,1406.4,0
HOU,NYC,DeltaHaul,Standard,693.7,1623.3,1,1525.28,0
CHI,MIA,AlphaTrans,Expedited,552.3,1125.3,2,1576.47,0
DAL,PHL,GammaFreight,Economy,623.1,1682.1,1,1104.39,1
DEN,SJC,GammaFreight,Standard,642.8,881.9,1,947.71,1
DEN,MSP,AlphaTrans,Expedited,752.7,1016.5,2,2105.66,1
DEN,SJC,DeltaHaul,Expedited,258.6,1553.6,1,773.49,1
SEA,MIA,BetaLogix,Economy,266.2,1196.4,3,404.89,1
PHX,DTW,BetaLogix,Economy,335.1,774.7,2,464.5,1
HOU,DTW,GammaFreight,Expedited,680.0,1467.5,2,1935.92,0
SEA,MIA,GammaFreight,Economy,437.9,1426.4,1,710.24,1
DAL,MIA,BetaLogix,Standard,615.9,1172.4,2,1121.56,1
DAL,SJC,GammaFreight,Standard,869.1,927.8,2,1446.34,1
PHX,PHL,BetaLogix,Expedited,578.7,1198.6,2,1876.82,0
DAL,SFO,AlphaTrans,Standard,525.7,1663.2,1,1261.71,1
PHX,SJC,AlphaTrans,Expedited,416.6,1074.6,1,1113.5,1
SEA,NYC,BetaLogix,Expedited,380.6,436.3,2,870.8,0
HOU,NYC,GammaFreight,Expedited,735.2,1157.2,1,1913.13,0
DEN,MIA,AlphaTrans,Expedited,641.2,1227.4,1,1861.94,0
DAL,MIA,BetaLogix,Economy,155.3,1344.0,1,332.62,1
HOU,SFO,BetaLogix,Standard,799.3,1332.3,1,1733.59,0
DAL,BOS,GammaFreight,Standard,706.8,1572.7,2,1504.46,1
PHX,MSP,GammaFreight,Economy,1560.1,1190.0,1,2249.62,1
LAX,DTW,DeltaHaul,Economy,683.0,1170.5,3,1111.04,0
HOU,NYC,GammaFreight,Economy,560.9,1378.0,1,877.37,0
PHX,MSP,AlphaTrans,Economy,686.2,396.2,1,1014.11,1
LAX,BOS,AlphaTrans,Expedited,695.9,1038.4,1,1847.46,0
DAL,MIA,AlphaTrans,Economy,600.0,1044.7,1,766.74,0
HOU,NYC,BetaLogix,Standard,908.3,1143.9,2,2042.66,1
SEA,NYC,BetaLogix,Expedited,937.5,672.5,2,2614.37,0
CHI,MIA,BetaLogix,Standard,458.0,1304.6,3,1195.82,1
LAX,DTW,AlphaTrans,Standard,793.2,1112.1,1,1479.32,0
DEN,DTW,DeltaHaul,Standard,404.2,523.1,1,739.9,0
PHX,BOS,BetaLogix,Economy,307.9,971.6,1,526.72,0
ATL,DTW,DeltaHaul,Standard,427.7,1280.3,2,768.01,1
ATL,BOS,BetaLogix,Standard,287.6,1798.7,1,675.61,0
PHX,PHL,AlphaTrans,Standard,1028.6,2010.6,1,2383.51,1
PHX,PHL,DeltaHaul,Economy,370.2,1186.4,2,573.74,0
CHI,SFO,BetaLogix,Standard,439.7,1820.1,1,1148.61,1
CHI,MSP,AlphaTrans,Economy,256.1,1747.8,2,422.35,0
SEA,SFO,BetaLogix,Expedited,490.6,1523.5,2,1634.6,1
ATL,BOS,GammaFreight,Standard,612.5,824.6,1,1087.38,1
HOU,DTW,AlphaTrans,Economy,332.2,1563.7,3,535.06,1
DAL,MIA,BetaLogix,Expedited,584.6,917.5,1,1566.66,0
HOU,BOS,DeltaHaul,Standard,468.8,1672.3,2,1049.02,1
PHX,NYC,BetaLogix,Expedited,695.5,1152.8,1,2094.53,0
DEN,PHL,DeltaHaul,Standard,578.5,1178.9,1,1227.68,0
DEN,PHL,GammaFreight,Standard,412.3,1552.3,2,886.54,1
ATL,MSP,GammaFreight,Expedited,492.9,2053.2,1,1444.04,0
DEN,SJC,DeltaHaul,Expedited,538.4,1482.1,1,1688.26,0
PHX,MSP,BetaLogix,Economy,471.1,2184.2,1,974.0,0
DEN,MSP,DeltaHaul,Standard,616.5,824.9,1,1078.57,1
LAX,BOS,GammaFreight,Expedited,405.8,1002.7,2,1066.81,1
LAX,NYC,GammaFreight,Economy,385.1,1137.3,1,468.27,0
DAL,BOS,GammaFreight,Standard,397.9,993.7,1,624.15,0
DAL,SJC,DeltaHaul,Standard,533.8,1671.6,1,1147.69,0
SEA,MSP,GammaFreight,Expedited,463.4,972.0,1,1158.15,0
ATL,MSP,BetaLogix,Expedited,483.9,968.0,2,1355.56,0
ATL,BOS,DeltaHaul,Expedited,275.3,548.6,1,752.22,1
DAL,BOS,GammaFreight,Standard,756.7,1245.2,2,1494.21,0
LAX,NYC,DeltaHaul,Expedited,615.9,1813.6,2,2204.49,0
CHI,PHL,GammaFreight,Expedited,448.7,1536.1,1,1337.46,1
CHI,MIA,AlphaTrans,Economy,694.2,2271.6,1,1298.42,1
CHI,SJC,GammaFreight,Expedited,327.6,1798.3,2,1049.94,1
LAX,SFO,BetaLogix,Economy,1163.8,1818.8,1,2166.22,1
PHX,MSP,AlphaTrans,Expedited,817.7,2211.9,1,3004.19,1
HOU,DTW,DeltaHaul,Expedited,495.4,1570.2,1,1574.65,1
HOU,NYC,GammaFreight,Economy,471.0,664.0,1,573.81,0
LAX,PHL,AlphaTrans,Standard,659.3,1558.7,1,1379.23,1
DEN,BOS,DeltaHaul,Standard,406.2,1511.2,2,972.62,1
HOU,MIA,AlphaTrans,Standard,810.5,1160.3,2,1770.76,1
CHI,SFO,BetaLogix,Economy,671.9,881.1,2,1091.09,0
LAX,SJC,DeltaHaul,Expedited,407.9,1581.8,2,1342.6,1
DAL,SFO,BetaLogix,Economy,496.3,1147.5,1,846.62,0
LAX,NYC,GammaFreight,Standard,312.5,1071.2,2,447.41,0
ATL,BOS,DeltaHaul,Economy,360.8,2297.1,1,739.13,1
CHI,MSP,AlphaTrans,Economy,708.6,1922.0,1,1260.98,1
PHX,BOS,AlphaTrans,Standard,764.6,529.1,1,1228.18,1
PHX,MIA,DeltaHaul,Expedited,412.9,2546.6,2,1747.39,0
SEA,SFO,AlphaTrans,Expedited,800.2,1394.7,3,2366.9,0
CHI,NYC,DeltaHaul,Standard,1639.0,1640.8,1,3763.3,1
PHX,BOS,BetaLogix,Expedited,616.6,1771.5,2,2249.88,1
ATL,SFO,BetaLogix,Standard,727.2,1890.7,1,1864.23,0
CHI,SFO,BetaLogix,Expedited,671.8,1717.5,1,2329.91,0
SEA,PHL,BetaLogix,Standard,688.8,918.6,1,1316.63,0
ATL,DTW,GammaFreight,Economy,391.2,1572.2,1,623.1,0
SEA,DTW,DeltaHaul,Economy,360.7,1798.0,2,670.41,0
ATL,MIA,DeltaHaul,Economy,527.2,1877.0,1,977.46,1
PHX,DTW,GammaFreight,Standard,1610.1,742.9,2,2658.46,0
CHI,BOS,AlphaTrans,Economy,682.7,1656.8,2,1287.41,0
LAX,PHL,GammaFreight,Economy,491.7,1718.0,1,765.89,0
ATL,MIA,AlphaTrans,Expedited,470.6,872.1,1,1243.93,0
DAL,PHL,AlphaTrans,Economy,459.9,1592.7,1,678.86,1
PHX,BOS,BetaLogix,Standard,1122.4,1151.2,1,2331.65,1
PHX,DTW,DeltaHaul,Standard,1185.7,956.1,1,2086.9,0
ATL,DTW,BetaLogix,Economy,197.8,818.9,2,259.47,0
DAL,NYC,GammaFreight,Expedited,704.0,1126.4,1,1841.85,1
PHX,PHL,GammaFreight,Economy,375.4,1651.2,3,540.24,1
LAX,PHL,GammaFreight,Standard,476.0,64.4,1,566.42,1
ATL,SFO,AlphaTrans,Economy,1064.3,657.6,1,1429.66,0
DEN,DTW,AlphaTrans,Expedited,307.5,1009.8,1,667.11,0
ATL,SJC,BetaLogix,Economy,528.9,1846.0,3,1071.89,0
ATL,BOS,GammaFreight,Standard,188.8,1215.4,2,463.09,0
PHX,PHL,DeltaHaul,Standard,428.5,1886.6,1,1185.0,0
PHX,SJC,BetaLogix,Expedited,497.5,1043.1,1,1381.6,0
DEN,NYC,GammaFreight,Expedited,375.6,482.6,3,885.18,0
DAL,DTW,GammaFreight,Expedited,313.4,539.2,1,817.97,1
LAX,PHL,BetaLogix,Standard,639.6,965.8,1,1189.06,1
CHI,MIA,AlphaTrans,Economy,594.5,437.3,1,748.63,0
SEA,NYC,GammaFreight,Expedited,323.2,1299.3,2,1027.65,1
SEA,NYC,BetaLogix,Expedited,567.5,2204.3,2,2317.39,0
HOU,PHL,GammaFreight,Economy,602.6,584.1,1,725.68,0
PHX,PHL,AlphaTrans,Economy,685.0,1648.9,1,1148.9,0
DEN,SFO,BetaLogix,Expedited,777.2,1979.6,2,2849.12,0
PHX,BOS,AlphaTrans,Economy,1578.7,1050.9,1,2263.96,0
ATL,SFO,GammaFreight,Expedited,835.7,1114.0,2,2371.21,1
ATL,MIA,DeltaHaul,Expedited,984.8,615.0,1,2456.78,1
ATL,BOS,AlphaTrans,Expedited,520.4,574.7,1,1087.08,1
CHI,SFO,DeltaHaul,Economy,1088.0,1346.9,1,1726.21,1
LAX,DTW,GammaFreight,Expedited,548.9,2397.5,1,2142.89,1
DAL,SFO,GammaFreight,Economy,907.5,967.1,1,1246.52,1
CHI,PHL,GammaFreight,Standard,437.9,1565.1,1,869.96,1
LAX,SFO,BetaLogix,Economy,462.5,789.1,1,511.63,0
HOU,PHL,AlphaTrans,Economy,322.3,930.3,2,598.59,0
SEA,NYC,AlphaTrans,Standard,521.9,728.2,2,1135.0,0
LAX,BOS,BetaLogix,Standard,294.2,882.6,1,654.04,0
LAX,PHL,BetaLogix,Expedited,324.3,1308.1,1,1029.1,1
DAL,SJC,AlphaTrans,Standard,403.8,401.9,1,579.7,0
LAX,SJC,GammaFreight,Economy,823.2,1183.9,1,1172.94,0
LAX,SJC,AlphaTrans,Expedited,1485.6,192.7,1,3042.24,0
PHX,SJC,GammaFreight,Expedited,415.4,1009.6,1,1145.74,1
SEA,SFO,DeltaHaul,Standard,653.6,629.4,1,1176.63,0
DEN,SJC,DeltaHaul,Standard,368.0,1954.3,1,926.79,1
PHX,DTW,GammaFreight,Standard,752.5,1342.9,1,1486.65,0
ATL,PHL,AlphaTrans,Expedited,361.8,1148.7,1,959.67,1
DAL,NYC,BetaLogix,Expedited,650.3,558.2,1,1776.18,0
DEN,MIA,BetaLogix,Standard,857.9,1229.7,1,1730.67,1
PHX,MIA,DeltaHaul,Expedited,378.2,1106.7,1,1044.29,1
LAX,DTW,GammaFreight,Expedited,747.7,1367.9,1,2178.69,1
LAX,NYC,AlphaTrans,Expedited,592.7,1135.9,1,1635.38,1
PHX,SFO,DeltaHaul,Expedited,514.4,858.9,1,1382.4,0
DEN,BOS,AlphaTrans,Expedited,548.1,1237.5,1,1572.74,1
PHX,BOS,BetaLogix,Economy,898.8,511.7,1,1231.94,1
ATL,PHL,AlphaTrans,Expedited,546.4,239.1,1,1078.72,1
DEN,MSP,BetaLogix,Standard,1173.3,778.0,1,2216.95,0
PHX,MIA,GammaFreight,Expedited,361.3,535.1,1,714.08,1
DAL,NYC,DeltaHaul,Expedited,629.2,1829.0,2,2353.61,0
HOU,MSP,AlphaTrans,Standard,627.1,1884.8,2,1423.49,0
DAL,SFO,AlphaTrans,Economy,886.7,1604.8,1,1469.47,0
PHX,NYC,BetaLogix,Standard,437.5,1186.2,1,825.11,1
CHI,MIA,DeltaHaul,Standard,562.8,742.4,1,941.31,0
PHX,NYC,GammaFreight,Standard,767.7,1231.1,1,1286.11,1
DEN,NYC,GammaFreight,Expedited,788.9,763.6,2,1847.36,0
LAX,NYC,DeltaHaul,Expedited,217.7,853.3,1,561.27,0
SEA,PHL,BetaLogix,Expedited,474.4,845.3,2,1438.8,0
CHI,SFO,GammaFreight,Standard,911.8,1662.3,1,1996.78,1
CHI,DTW,AlphaTrans,Expedited,292.0,1093.4,2,889.28,0
HOU,BOS,AlphaTrans,Economy,867.7,154.4,1,818.99,1
LAX,MSP,BetaLogix,Expedited,1275.2,816.4,3,3517.63,1
DAL,MSP,GammaFreight,Expedited,625.0,1178.4,2,1753.96,1
PHX,SFO,DeltaHaul,Standard,934.5,1308.4,2,1865.2,0
PHX,MIA,GammaFreight,Economy,555.5,479.1,1,565.57,1
SEA,MSP,AlphaTrans,Economy,367.2,1562.5,1,618.18,0
ATL,BOS,BetaLogix,Economy,861.8,1747.4,3,1744.13,1
DEN,SJC,DeltaHaul,Expedited,505.9,1452.9,1,1651.24,0
LAX,PHL,BetaLogix,Economy,300.7,1268.9,2,425.33,1
CHI,BOS,DeltaHaul,Standard,967.2,1514.6,1,2137.49,1
CHI,BOS,DeltaHaul,Economy,293.0,1438.4,1,553.2,1
DEN,BOS,AlphaTrans,Expedited,636.8,762.7,2,1609.12,1
PHX,NYC,AlphaTrans,Economy,813.8,1733.2,1,1351.04,0
DEN,DTW,DeltaHaul,Economy,500.4,1795.3,2,908.88,1
LAX,MIA,GammaFreight,Standard,927.2,372.4,1,1442.95,1
DEN,SJC,DeltaHaul,Economy,389.8,503.0,2,525.21,1
HOU,PHL,DeltaHaul,Expedited,516.1,1364.1,1,1657.15,0
DAL,DTW,DeltaHaul,Expedited,366.8,1401.3,1,1135.31,1
SEA,SJC,BetaLogix,Economy,656.0,1698.4,1,1258.54,0
PHX,MIA,AlphaTrans,Standard,611.1,1712.3,1,1554.36,0
ATL,NYC,DeltaHaul,Standard,874.4,1510.9,1,1755.91,1
SEA,PHL,BetaLogix,Expedited,623.8,1218.9,1,1876.04,1
PHX,MSP,BetaLogix,Standard,347.2,774.4,1,711.16,1
SEA,SJC,GammaFreight,Economy,647.4,1696.8,1,947.0,1
HOU,DTW,AlphaTrans,Standard,232.6,1591.2,1,578.42,1
SEA,NYC,GammaFreight,Standard,747.1,1706.5,2,1695.41,0
SEA,PHL,DeltaHaul,Expedited,637.0,605.6,1,1441.67,1
DAL,PHL,DeltaHaul,Economy,370.8,1820.0,1,784.85,0
LAX,DTW,AlphaTrans,Expedited,923.2,1788.8,1,2962.71,0
HOU,SFO,DeltaHaul,Standard,974.0,774.1,1,1863.13,0
PHX,NYC,AlphaTrans,Expedited,1169.0,1347.9,3,3501.93,1
SEA,MIA,BetaLogix,Standard,178.8,1471.3,1,468.24,1
ATL,MSP,AlphaTrans,Expedited,347.9,1721.1,1,1045.87,0
DAL,DTW,BetaLogix,Standard,1095.6,1163.0,1,2172.5,0
LAX,MSP,AlphaTrans,Expedited,629.6,1111.8,1,1644.83,0
DEN,SJC,AlphaTrans,Standard,531.4,1234.8,1,1036.49,1
DEN,NYC,BetaLogix,Economy,718.6,780.6,2,1041.6,0
DAL,SJC,GammaFreight,Expedited,1051.5,1260.2,1,2991.05,1
ATL,NYC,BetaLogix,Standard,762.6,1518.5,1,1685.17,1
LAX,NYC,AlphaTrans,Standard,908.1,1571.9,1,1917.1,1
CHI,SFO,DeltaHaul,Economy,353.1,1111.7,3,626.45,0
CHI,SFO,GammaFreight,Standard,1110.5,1581.1,2,2353.84,1
HOU,SFO,DeltaHaul,Expedited,1219.1,1337.3,1,3662.09,1
LAX,SFO,AlphaTrans,Economy,318.1,1259.3,2,623.36,1
DEN,DTW,GammaFreight,Expedited,560.3,2227.8,1,1899.73,1
LAX,NYC,GammaFreight,Expedited,971.5,1386.7,1,2690.91,1
HOU,MSP,AlphaTrans,Standard,305.1,1185.0,1,659.65,1
SEA,DTW,DeltaHaul,Standard,268.8,1321.6,1,401.49,1
DAL,MIA,DeltaHaul,Expedited,787.9,1256.5,1,2385.34,1
HOU,BOS,AlphaTrans,Standard,288.1,1146.5,1,606.35,0
SEA,NYC,GammaFreight,Expedited,1719.0,1606.9,1,5160.33,0
LAX,SJC,GammaFreight,Standard,696.4,1299.0,1,1340.93,1
SEA,MIA,AlphaTrans,Expedited,767.9,1779.1,2,2657.24,1
CHI,DTW,DeltaHaul,Standard,464.5,1183.5,1,990.67,1
DAL,BOS,DeltaHaul,Economy,552.9,2095.9,3,1186.81,0
SEA,BOS,DeltaHaul,Expedited,503.0,1245.3,1,1623.47,1
DEN,SFO,AlphaTrans,Standard,349.8,1272.8,2,747.52,1
LAX,BOS,BetaLogix,Economy,234.7,991.3,1,478.45,0
PHX,SJC,AlphaTrans,Expedited,741.7,1427.3,2,2218.67,1
DEN,SJC,BetaLogix,Economy,878.9,2264.0,3,1945.5,0
ATL,MIA,DeltaHaul,Economy,326.7,1277.3,2,585.23,1
PHX,SFO,AlphaTrans,Economy,465.3,1661.9,1,779.91,0
DEN,NYC,BetaLogix,Economy,302.5,1159.1,1,568.21,1
CHI,NYC,DeltaHaul,Expedited,917.3,84.5,3,1850.01,1
CHI,DTW,DeltaHaul,Expedited,626.7,2068.7,2,2213.32,0
HOU,SFO,DeltaHaul,Expedited,701.4,1510.3,2,2223.08,1
LAX,MSP,AlphaTrans,Standard,632.7,2547.7,1,1674.69,1
LAX,SFO,DeltaHaul,Economy,523.2,1314.2,1,844.34,1
DEN,BOS,DeltaHaul,Standard,498.7,1160.5,1,1087.17,1
DEN,MSP,GammaFreight,Economy,674.8,1242.5,1,956.47,0
HOU,BOS,BetaLogix,Standard,617.0,1603.8,1,1531.36,0
LAX,MIA,DeltaHaul,Standard,324.5,1161.5,1,697.39,0
LAX,SFO,AlphaTrans,Expedited,488.0,1031.1,1,1327.92,1
SEA,DTW,BetaLogix,Economy,667.1,878.9,3,963.74,0
PHX,NYC,DeltaHaul,Expedited,526.8,1268.7,1,1439.19,1
CHI,MIA,DeltaHaul,Standard,439.3,1712.1,2,1050.9,0
DAL,NYC,BetaLogix,Standard,467.9,1417.8,2,921.15,0
ATL,MSP,BetaLogix,Expedited,537.3,1338.8,2,1855.12,0
ATL,NYC,BetaLogix,Expedited,1219.6,1198.1,1,3779.24,1
DAL,MIA,AlphaTrans,Expedited,441.0,741.4,1,1076.18,1
ATL,DTW,BetaLogix,Expedited,525.0,1470.2,1,1641.38,1
DAL,NYC,AlphaTrans,Expedited,915.5,945.7,2,2348.11,0
LAX,SFO,DeltaHaul,Economy,206.5,1352.9,1,308.69,1
HOU,MSP,BetaLogix,Economy,253.1,1868.3,1,476.64,0
SEA,SJC,GammaFreight,Expedited,724.1,1141.2,1,1785.62,1
LAX,SFO,AlphaTrans,Economy,354.9,770.7,1,445.24,0
DEN,DTW,DeltaHaul,Economy,1150.3,1563.9,1,1919.5,1
HOU,MIA,AlphaTrans,Standard,690.2,1537.1,1,1550.2,1
DEN,NYC,AlphaTrans,Economy,341.5,803.9,1,497.81,0
DAL,NYC,AlphaTrans,Economy,852.2,808.5,1,1107.67,0
DEN,BOS,BetaLogix,Standard,417.1,1455.1,1,898.42,1
LAX,PHL,GammaFreight,Expedited,847.0,1801.0,1,2563.19,0
DEN,MIA,GammaFreight,Economy,1545.9,1587.7,1,2509.75,1
DAL,SJC,DeltaHaul,Standard,370.0,997.6,1,715.59,0
SEA,NYC,DeltaHaul,Expedited,1506.6,1962.1,1,5281.67,0
SEA,MIA,GammaFreight,Economy,937.2,1038.9,1,1233.86,1
DEN,BOS,GammaFreight,Economy,357.1,1851.8,1,529.17,1
CHI,DTW,AlphaTrans,Economy,1115.3,1877.1,1,2022.12,1
DEN,DTW,DeltaHaul,Standard,704.7,1601.0,1,1653.47,1
PHX,DTW,GammaFreight,Expedited,1334.9,880.1,1,3229.93,1
SEA,MIA,GammaFreight,Expedited,716.6,1867.5,1,2157.49,1
PHX,SFO,GammaFreight,Economy,697.6,2224.2,3,1348.98,1
SEA,NYC,DeltaHaul,Standard,637.9,1855.4,3,1447.49,0
DAL,BOS,AlphaTrans,Expedited,1042.2,730.7,2,2683.09,1
SEA,SFO,AlphaTrans,Expedited,251.0,649.3,1,545.21,1
LAX,PHL,BetaLogix,Expedited,516.4,1473.7,2,1788.5,1
HOU,DTW,DeltaHaul,Standard,277.1,663.1,1,475.56,1
CHI,PHL,BetaLogix,Economy,1345.6,1357.6,2,2359.46,0
LAX,MIA,GammaFreight,Expedited,849.2,1243.3,1,2223.17,0
PHX,NYC,AlphaTrans,Standard,345.4,853.7,1,495.03,0
LAX,PHL,DeltaHaul,Economy,542.2,1702.0,1,972.24,1
LAX,BOS,AlphaTrans,Economy,965.2,788.2,1,1391.4,1
DEN,NYC,BetaLogix,Standard,787.5,1626.6,1,1872.7,1
CHI,SJC,GammaFreight,Economy,640.9,1187.9,2,938.56,0
LAX,BOS,AlphaTrans,Economy,228.1,1274.3,2,424.65,1
SEA,DTW,BetaLogix,Standard,1016.1,1201.3,1,1992.36,1
HOU,DTW,BetaLogix,Economy,1133.5,1213.2,1,1861.72,1
SEA,DTW,DeltaHaul,Standard,627.7,2039.5,2,1577.67,0
LAX,BOS,GammaFreight,Expedited,600.4,199.3,2,1178.08,1
ATL,BOS,GammaFreight,Standard,422.3,1952.2,2,852.6,1
DAL,DTW,AlphaTrans,Expedited,458.3,233.6,1,1028.13,1
DEN,MSP,AlphaTrans,Expedited,672.0,1808.2,1,2163.84,0
ATL,SJC,BetaLogix,Expedited,281.2,1193.9,2,819.62,0
SEA,DTW,AlphaTrans,Standard,268.9,1521.5,2,771.71,1
HOU,PHL,GammaFreight,Standard,777.7,1170.8,1,1456.79,1
HOU,MIA,DeltaHaul,Standard,591.9,1212.7,1,1124.38,1
DAL,PHL,AlphaTrans,Expedited,963.5,1294.9,1,2880.75,1
HOU,PHL,AlphaTrans,Economy,309.6,1357.7,1,498.82,1
HOU,MSP,AlphaTrans,Economy,555.8,884.5,1,870.36,1
PHX,MIA,DeltaHaul,Standard,989.7,616.2,1,1555.37,0
LAX,SFO,GammaFreight,Economy,766.7,172.3,1,825.14,1
DAL,BOS,AlphaTrans,Expedited,416.7,1233.3,1,1164.56,1
DEN,SJC,AlphaTrans,Expedited,579.6,2456.5,1,2197.22,1
ATL,SFO,DeltaHaul,Economy,505.2,412.0,1,754.41,0
LAX,BOS,GammaFreight,Economy,378.3,2094.1,1,723.71,1
LAX,SFO,GammaFreight,Expedited,855.9,1372.8,1,2260.98,1
ATL,BOS,DeltaHaul,Standard,447.0,1236.5,1,959.14,1
HOU,DTW,DeltaHaul,Standard,1234.4,1601.3,1,2621.62,1
CHI,MIA,AlphaTrans,Economy,264.3,1113.6,1,357.74,0
DEN,MSP,AlphaTrans,Economy,417.5,916.7,2,577.77,1
SEA,MIA,GammaFreight,Standard,777.8,482.5,1,1189.52,1
DEN,SJC,BetaLogix,Economy,1511.7,1248.4,1,2454.68,0
CHI,DTW,BetaLogix,Economy,560.1,1154.7,1,861.06,1
SEA,MIA,DeltaHaul,Economy,676.7,1076.4,2,1030.03,0
DEN,NYC,GammaFreight,Expedited,311.3,1718.4,1,1105.69,0
HOU,SJC,BetaLogix,Standard,635.9,1084.4,1,1292.31,0
DEN,SJC,BetaLogix,Economy,393.8,1662.0,1,580.99,0
LAX,DTW,DeltaHaul,Economy,688.4,608.2,2,830.19,1
PHX,BOS,GammaFreight,Economy,709.7,1741.9,1,1088.57,1
ATL,MSP,BetaLogix,Economy,748.1,1897.1,2,1628.48,0
CHI,MIA,GammaFreight,Economy,859.5,1279.0,1,1180.24,0
LAX,SFO,DeltaHaul,Economy,670.3,1269.7,2,1016.77,0
PHX,NYC,BetaLogix,Expedited,531.6,1638.3,1,1828.76,1
CHI,SJC,AlphaTrans,Expedited,538.8,1536.3,1,1797.62,1
PHX,NYC,AlphaTrans,Expedited,721.4,1007.3,1,1920.57,1
ATL,SJC,GammaFreight,Expedited,237.5,1317.5,2,650.19,1
LAX,MIA,GammaFreight,Economy,442.5,2390.8,3,1006.48,1
DEN,PHL,BetaLogix,Economy,377.8,982.4,2,618.19,1
DEN,MIA,GammaFreight,Economy,450.0,1531.6,2,756.73,1
DAL,SJC,BetaLogix,Expedited,477.7,1499.6,1,1648.15,1
LAX,MSP,GammaFreight,Expedited,432.9,1293.9,1,1220.51,0
DAL,MSP,GammaFreight,Expedited,962.2,1859.0,2,3135.88,0
HOU,PHL,DeltaHaul,Standard,482.8,2094.9,1,1176.98,0
ATL,MIA,GammaFreight,Economy,1007.3,2017.5,1,1704.83,1
CHI,BOS,AlphaTrans,Expedited,743.2,1674.7,1,2408.65,0
HOU,SFO,AlphaTrans,Expedited,618.6,1947.1,2,2216.83,0
HOU,DTW,DeltaHaul,Economy,573.4,735.4,1,766.58,1
SEA,SJC,DeltaHaul,Standard,560.4,408.1,2,875.09,1
SEA,SJC,DeltaHaul,Expedited,306.8,172.9,1,803.82,1
LAX,MSP,DeltaHaul,Standard,610.3,985.9,3,1264.07,0
LAX,PHL,BetaLogix,Expedited,774.7,2072.8,1,2918.72,1
PHX,PHL,GammaFreight,Expedited,642.0,1386.1,1,1714.91,1
SEA,MSP,GammaFreight,Economy,749.5,839.1,2,1040.9,1
SEA,NYC,AlphaTrans,Standard,240.2,2463.0,1,548.76,1
DAL,PHL,AlphaTrans,Expedited,392.2,826.1,1,1086.1,0
DAL,BOS,AlphaTrans,Economy,1093.1,811.6,1,1595.34,0
HOU,SFO,BetaLogix,Expedited,524.6,936.1,1,1591.64,0
HOU,PHL,GammaFreight,Economy,396.3,1670.6,2,784.47,1
LAX,NYC,DeltaHaul,Expedited,573.5,623.1,1,1365.9,0
LAX,SJC,BetaLogix,Economy,462.9,1505.4,1,891.54,1
DEN,SFO,AlphaTrans,Expedited,804.6,668.9,2,1957.54,1
DEN,DTW,DeltaHaul,Economy,580.4,1505.8,1,1073.32,1
CHI,PHL,AlphaTrans,Economy,669.4,1572.4,1,1135.36,1
ATL,BOS,BetaLogix,Standard,527.9,977.1,1,1026.79,1
CHI,BOS,AlphaTrans,Economy,433.2,1120.4,1,628.69,0
PHX,SFO,GammaFreight,Standard,366.6,213.9,1,553.53,0
ATL,NYC,DeltaHaul,Economy,1015.1,1408.5,1,1616.05,0
HOU,BOS,GammaFreight,Economy,672.8,1190.0,1,841.54,1
LAX,DTW,GammaFreight,Economy,707.6,714.9,1,976.48,1
CHI,MIA,DeltaHaul,Economy,352.5,2018.8,1,654.53,1
SEA,MIA,AlphaTrans,Standard,971.6,1321.7,2,2096.7,0
ATL,DTW,AlphaTrans,Economy,673.1,1179.7,1,1098.0,1
DEN,PHL,BetaLogix,Economy,949.8,1938.5,1,1856.12,1
SEA,BOS,AlphaTrans,Economy,827.5,288.2,2,1095.83,0
PHX,MIA,AlphaTrans,Economy,838.2,816.4,1,1100.52,0
PHX,PHL,GammaFreight,Economy,613.0,1055.5,1,922.35,1
SEA,PHL,AlphaTrans,Economy,262.4,274.0,1,327.29,1
PHX,PHL,AlphaTrans,Expedited,412.0,1063.6,1,993.94,1
DAL,NYC,GammaFreight,Standard,429.8,235.5,1,573.31,0
ATL,PHL,DeltaHaul,Standard,556.3,651.4,3,948.69,0
ATL,NYC,BetaLogix,Economy,442.0,1388.5,1,711.89,0
PHX,MIA,DeltaHaul,Expedited,468.7,1130.0,1,1285.27,0
SEA,DTW,DeltaHaul,Expedited,577.3,1342.3,1,1605.02,0
LAX,PHL,DeltaHaul,Standard,577.2,671.6,1,1038.23,1
CHI,MIA,DeltaHaul,Expedited,327.0,1084.7,2,917.2,1
HOU,BOS,DeltaHaul,Expedited,441.0,1051.1,1,1240.4,0
CHI,DTW,GammaFreight,Standard,713.4,314.9,1,1069.66,1
HOU,DTW,AlphaTrans,Standard,753.6,1597.1,1,1619.46,0
SEA,NYC,AlphaTrans,Standard,403.3,1929.5,1,1013.86,1
DEN,MSP,BetaLogix,Economy,462.7,1823.6,2,944.83,0
DAL,DTW,DeltaHaul,Standard,322.8,371.6,1,491.39,1
SEA,MSP,BetaLogix,Standard,706.8,1665.9,1,1684.47,0
PHX,MIA,GammaFreight,Expedited,1214.9,999.7,2,3180.89,1
PHX,PHL,GammaFreight,Expedited,353.2,2159.9,1,1195.45,1
SEA,MIA,DeltaHaul,Standard,1449.4,1179.4,1,2930.74,0
LAX,PHL,BetaLogix,Standard,423.5,1807.3,1,1107.91,1
ATL,SFO,DeltaHaul,Expedited,191.5,659.1,1,463.92,1
SEA,SJC,DeltaHaul,Standard,639.4,1263.4,1,1368.54,1
CHI,NYC,GammaFreight,Economy,978.5,2556.9,1,1872.51,1
CHI,BOS,GammaFreight,Standard,841.3,560.4,1,1359.36,1
HOU,MIA,AlphaTrans,Expedited,274.7,1342.5,1,743.38,1
DEN,MSP,BetaLogix,Economy,404.6,1618.8,1,758.09,1
CHI,SJC,GammaFreight,Standard,636.4,1025.4,1,1150.5,1
DEN,MIA,BetaLogix,Expedited,892.3,852.9,1,2504.76,1
PHX,SFO,BetaLogix,Expedited,173.7,1892.0,1,649.84,1
ATL,PHL,DeltaHaul,Expedited,1270.4,1420.1,1,3907.79,0
HOU,BOS,AlphaTrans,Expedited,335.6,2186.2,1,1128.17,0
ATL,PHL,BetaLogix,Economy,604.2,1100.8,1,936.49,0
SEA,PHL,BetaLogix,Standard,190.5,1426.9,1,391.29,0
DEN,MIA,BetaLogix,Standard,668.9,746.6,1,1309.54,1
HOU,MIA,BetaLogix,Standard,855.2,1734.5,1,2086.88,1
PHX,MIA,DeltaHaul,Standard,217.2,827.1,1,260.17,0
ATL,DTW,BetaLogix,Expedited,606.5,1542.2,1,2164.38,1
HOU,SJC,AlphaTrans,Economy,600.3,1112.6,1,947.48,1
LAX,NYC,BetaLogix,Expedited,352.5,1232.1,1,1073.58,0
CHI,NYC,AlphaTrans,Economy,287.0,1301.7,1,510.28,0
ATL,MIA,AlphaTrans,Standard,772.9,1287.2,1,1466.88,1
DEN,PHL,BetaLogix,Expedited,520.3,1299.0,1,1564.0,1
DAL,BOS,DeltaHaul,Expedited,298.0,598.8,2,658.7,0
SEA,BOS,AlphaTrans,Standard,650.0,1457.6,1,1357.09,1
LAX,PHL,GammaFreight,Economy,694.9,989.9,1,1026.7,0
LAX,DTW,AlphaTrans,Economy,908.9,1509.6,3,1572.35,1
SEA,SJC,BetaLogix,Economy,272.0,1542.1,1,504.96,0
ATL,MSP,DeltaHaul,Expedited,424.0,855.0,1,1151.33,0
ATL,DTW,GammaFreight,Expedited,225.8,645.6,1,691.7,1
DEN,SFO,AlphaTrans,Expedited,745.7,1470.4,1,2374.49,1
DAL,PHL,BetaLogix,Economy,536.5,1232.0,1,816.52,0
SEA,BOS,GammaFreight,Expedited,584.1,1327.9,1,1536.85,1
ATL,SFO,BetaLogix,Economy,999.5,1044.4,1,1542.78,1
SEA,SJC,BetaLogix,Standard,569.0,1101.4,2,1164.41,1
DAL,SJC,BetaLogix,Expedited,582.2,865.5,2,1723.43,0
ATL,SFO,DeltaHaul,Expedited,904.9,1308.5,1,2668.29,1
PHX,DTW,GammaFreight,Standard,677.6,980.9,1,1286.61,0
DAL,BOS,GammaFreight,Standard,1236.7,295.6,1,1761.06,1
HOU,SFO,GammaFreight,Economy,315.6,1269.7,1,413.96,0
CHI,SJC,DeltaHaul,Standard,1201.8,1295.7,2,2399.31,1
PHX,NYC,BetaLogix,Expedited,523.2,2181.6,2,2053.99,1
CHI,MIA,GammaFreight,Standard,738.6,788.1,1,1182.44,0
ATL,SJC,AlphaTrans,Standard,460.2,1235.7,2,1014.36,1
ATL,SJC,AlphaTrans,Expedited,534.7,1781.6,1,1751.47,0
DEN,SFO,BetaLogix,Economy,621.6,1355.5,1,815.62,1
CHI,SFO,GammaFreight,Expedited,791.1,1603.7,1,2370.1,1
DEN,NYC,BetaLogix,Expedited,282.4,1358.4,2,804.3,0
CHI,NYC,DeltaHaul,Standard,546.0,1270.2,1,1059.83,0
DAL,DTW,DeltaHaul,Standard,551.3,1248.4,1,1023.79,1
DAL,DTW,BetaLogix,Expedited,715.3,1428.0,1,2294.45,0
HOU,PHL,DeltaHaul,Standard,242.3,1742.1,2,469.23,0
DEN,MSP,GammaFreight,Economy,1371.9,2034.1,1,2288.18,1
PHX,BOS,DeltaHaul,Standard,1089.5,518.4,1,1889.75,0
PHX,DTW,BetaLogix,Economy,989.7,815.9,1,1438.25,0
HOU,PHL,GammaFreight,Expedited,318.3,1881.8,1,1002.11,1
DAL,SJC,BetaLogix,Standard,430.4,1739.7,1,983.58,0
HOU,DTW,GammaFreight,Standard,372.5,1301.4,1,646.51,1
PHX,BOS,BetaLogix,Economy,449.1,1315.5,2,931.15,1
PHX,MSP,AlphaTrans,Economy,957.9,1500.8,1,1525.32,1
LAX,NYC,AlphaTrans,Expedited,722.4,1466.3,2,2070.77,1
DEN,MIA,DeltaHaul,Expedited,413.6,966.8,2,1094.6,1
SEA,BOS,BetaLogix,Expedited,792.9,553.8,1,2080.44,1
DEN,BOS,BetaLogix,Expedited,955.5,861.4,1,2746.42,1
DAL,DTW,AlphaTrans,Economy,307.0,1184.8,1,330.58,1
HOU,DTW,AlphaTrans,Standard,409.2,1251.9,1,754.08,0
HOU,NYC,AlphaTrans,Standard,919.5,945.4,2,1589.33,0
ATL,SFO,BetaLogix,Expedited,978.9,2188.4,2,3645.84,1
PHX,PHL,DeltaHaul,Standard,483.5,808.9,1,926.03,1
ATL,DTW,AlphaTrans,Expedited,313.6,786.3,1,824.22,1
ATL,MIA,BetaLogix,Standard,827.5,1166.8,1,1692.62,0
CHI,SJC,GammaFreight,Standard,1306.7,750.0,1,2088.96,0
SEA,MSP,BetaLogix,Standard,368.7,1909.6,3,1020.55,0
CHI,BOS,BetaLogix,Standard,491.8,1238.3,1,1083.67,0
CHI,SFO,DeltaHaul,Economy,608.9,2235.2,1,1229.82,1
DAL,NYC,BetaLogix,Standard,377.9,1991.5,1,992.85,0
ATL,BOS,AlphaTrans,Economy,747.5,1114.5,2,1316.4,1
ATL,SFO,BetaLogix,Economy,904.1,884.6,1,1222.89,0
DAL,SJC,DeltaHaul,Economy,708.0,1440.1,2,1110.97,0
CHI,PHL,GammaFreight,Standard,716.2,1919.0,2,1678.3,1
SEA,DTW,BetaLogix,Expedited,520.6,707.7,1,1459.13,0
HOU,NYC,GammaFreight,Expedited,569.8,269.6,1,1397.77,1
LAX,SFO,BetaLogix,Economy,362.2,1028.7,1,511.93,0
PHX,MSP,GammaFreight,Economy,828.3,862.6,1,1143.75,1
ATL,SFO,GammaFreight,Standard,887.3,1743.2,1,1869.43,1
CHI,BOS,AlphaTrans,Expedited,843.5,723.5,1,2148.97,1
HOU,SJC,GammaFreight,Economy,526.9,1490.8,1,655.73,1
ATL,SJC,DeltaHaul,Expedited,665.9,934.6,1,1809.2,0
PHX,MSP,BetaLogix,Expedited,1293.4,859.7,1,3547.38,1
ATL,PHL,GammaFreight,Standard,441.0,1484.1,1,813.34,0
LAX,SJC,GammaFreight,Economy,123.9,615.6,1,196.96,0
PHX,MSP,GammaFreight,Standard,361.6,1842.2,1,720.85,1
CHI,MSP,DeltaHaul,Expedited,703.5,1380.8,1,2166.4,0
SEA,NYC,AlphaTrans,Expedited,571.8,831.1,1,1440.22,0
DAL,NYC,BetaLogix,Economy,797.7,2318.4,1,1627.34,1
HOU,PHL,GammaFreight,Economy,304.7,2056.9,1,571.58,1
DEN,MIA,BetaLogix,Standard,373.5,296.9,1,639.27,1
PHX,BOS,BetaLogix,Standard,1037.0,1066.8,3,2090.54,1
DEN,MSP,GammaFreight,Standard,782.6,1031.1,2,1347.4,0
HOU,SFO,AlphaTrans,Economy,1107.5,859.0,1,1499.93,1
CHI,MSP,AlphaTrans,Economy,1329.0,1856.2,3,2423.89,1
HOU,BOS,BetaLogix,Economy,1006.4,824.0,1,1507.54,1
DEN,MSP,AlphaTrans,Expedited,466.1,1140.4,1,1272.32,0
DEN,DTW,AlphaTrans,Standard,971.7,1120.1,1,1767.71,0
DAL,DTW,GammaFreight,Standard,624.4,89.7,2,819.59,1
DEN,PHL,AlphaTrans,Economy,961.7,1659.2,1,1629.14,1
PHX,SFO,GammaFreight,Economy,434.5,2050.7,3,655.75,0
DEN,DTW,AlphaTrans,Standard,335.0,853.6,1,598.39,1
HOU,MIA,DeltaHaul,Expedited,254.1,1485.9,1,727.21,0
PHX,SJC,DeltaHaul,Standard,235.7,1333.0,1,481.61,0
CHI,PHL,GammaFreight,Economy,727.1,1623.7,1,1133.13,1
DAL,BOS,DeltaHaul,Standard,544.3,2012.4,2,1312.93,1
LAX,SFO,BetaLogix,Standard,741.2,1202.8,1,1516.11,0
SEA,NYC,BetaLogix,Standard,679.1,595.3,1,1287.57,0
CHI,SFO,GammaFreight,Expedited,425.8,2381.5,1,1500.78,0
SEA,SFO,AlphaTrans,Economy,741.6,1226.9,1,1373.69,1
LAX,PHL,GammaFreight,Standard,366.7,757.7,1,569.52,1
HOU,MIA,AlphaTrans,Expedited,215.1,1064.1,1,511.07,0
SEA,SFO,AlphaTrans,Standard,713.0,1183.9,2,1496.94,0
DAL,SJC,BetaLogix,Expedited,962.4,699.5,2,2473.03,1
PHX,SFO,BetaLogix,Economy,515.9,802.7,1,713.45,0
SEA,DTW,AlphaTrans,Economy,263.3,1747.9,1,294.39,1
HOU,MSP,GammaFreight,Expedited,527.9,1393.4,1,1490.32,1
CHI,MSP,DeltaHaul,Expedited,870.0,1633.4,1,3010.16,0
LAX,DTW,GammaFreight,Standard,461.8,1554.3,1,989.48,1
PHX,MIA,AlphaTrans,Expedited,771.2,720.4,1,1899.4,0
LAX,DTW,DeltaHaul,Economy,450.9,1236.3,1,668.55,1
HOU,DTW,GammaFreight,Economy,411.8,1938.0,1,604.99,0
CHI,MIA,BetaLogix,Economy,907.0,1280.9,1,1656.57,0
DEN,DTW,AlphaTrans,Economy,897.7,1693.5,2,1390.14,1
DEN,SJC,DeltaHaul,Economy,443.5,1543.2,1,830.72,0
HOU,DTW,GammaFreight,Economy,380.4,809.4,2,523.54,1
SEA,SFO,AlphaTrans,Economy,345.9,1804.3,2,669.11,1
ATL,NYC,AlphaTrans,Standard,544.3,1948.2,1,1416.51,1
CHI,NYC,BetaLogix,Economy,434.3,1288.3,2,660.67,0
PHX,NYC,GammaFreight,Expedited,599.3,1770.3,1,1912.03,1
CHI,PHL,AlphaTrans,Expedited,557.5,1301.3,1,1525.9,1
DAL,DTW,AlphaTrans,Standard,560.7,1273.0,1,1304.38,1
ATL,PHL,GammaFreight,Economy,774.6,1093.1,1,1070.93,0
DEN,NYC,DeltaHaul,Economy,774.0,749.1,1,953.88,1
LAX,NYC,GammaFreight,Economy,855.3,910.1,1,1112.28,0
HOU,NYC,GammaFreight,Economy,397.3,707.4,1,538.96,0
LAX,MIA,GammaFreight,Economy,988.4,1857.5,2,1826.16,1
CHI,MSP,AlphaTrans,Economy,403.0,1268.6,1,605.37,0
SEA,BOS,GammaFreight,Standard,526.1,1853.6,1,1098.56,1
HOU,PHL,AlphaTrans,Standard,281.8,202.7,2,529.77,0
DEN,MSP,AlphaTrans,Expedited,1008.1,720.6,1,2493.68,0
LAX,PHL,GammaFreight,Expedited,740.4,1002.9,1,1893.23,0
HOU,PHL,BetaLogix,Expedited,498.3,1701.5,1,1746.64,0
LAX,BOS,BetaLogix,Economy,1069.8,1343.7,2,1648.99,0
HOU,SFO,BetaLogix,Standard,464.3,1248.2,1,980.59,1
PHX,PHL,AlphaTrans,Standard,196.6,421.1,1,272.65,1
LAX,SFO,AlphaTrans,Economy,308.4,1646.1,1,480.38,1
PHX,DTW,DeltaHaul,Economy,438.6,1237.0,1,717.9,0
LAX,MIA,BetaLogix,Standard,618.5,2198.2,2,1459.35,1
HOU,MSP,GammaFreight,Expedited,189.9,117.8,2,320.54,0
DAL,NYC,DeltaHaul,Expedited,761.7,1185.4,2,2246.66,1
HOU,NYC,DeltaHaul,Expedited,502.0,690.6,1,1315.44,1
SEA,MIA,AlphaTrans,Expedited,512.0,669.5,2,1271.44,1
LAX,NYC,GammaFreight,Expedited,327.6,920.1,2,750.3,1
ATL,MIA,AlphaTrans,Expedited,797.4,2032.2,1,2737.65,1
CHI,NYC,BetaLogix,Standard,813.4,1275.0,1,1809.68,0
DAL,DTW,BetaLogix,Economy,442.4,1110.6,2,819.47,1
SEA,MIA,GammaFreight,Standard,734.8,1124.3,1,1296.51,0
HOU,DTW,DeltaHaul,Standard,823.0,1418.5,3,1700.63,1
CHI,MIA,GammaFreight,Economy,887.4,1009.4,1,1345.97,0
SEA,NYC,AlphaTrans,Expedited,266.5,1395.7,1,1015.32,1
DAL,SFO,AlphaTrans,Expedited,527.6,1358.0,1,1611.7,0
ATL,PHL,DeltaHaul,Economy,700.8,1198.5,1,1086.13,1
DEN,PHL,AlphaTrans,Standard,799.4,1445.1,2,1590.59,0
CHI,MSP,AlphaTrans,Economy,1063.1,869.2,1,1472.18,0
SEA,BOS,GammaFreight,Standard,243.1,1143.8,1,463.19,0
PHX,SJC,BetaLogix,Economy,471.9,581.0,1,580.0,1
PHX,SJC,GammaFreight,Economy,376.7,366.6,1,369.32,1
HOU,BOS,GammaFreight,Standard,480.7,1910.4,2,1037.92,0
ATL,NYC,DeltaHaul,Expedited,429.8,1625.3,1,1506.94,0
HOU,PHL,DeltaHaul,Standard,671.3,1919.0,1,1648.16,0
PHX,SJC,DeltaHaul,Standard,433.4,1727.2,1,1102.74,0
SEA,BOS,BetaLogix,Expedited,672.5,892.7,1,1864.92,1
CHI,PHL,GammaFreight,Expedited,294.8,173.2,1,613.44,1
HOU,MSP,GammaFreight,Expedited,597.3,875.6,1,1461.64,1
SEA,MIA,AlphaTrans,Standard,682.2,1477.6,2,1354.95,0
PHX,SFO,GammaFreight,Economy,472.4,1293.2,1,740.95,1
ATL,MIA,DeltaHaul,Expedited,548.1,1270.3,1,1585.44,0
DEN,BOS,DeltaHaul,Economy,473.6,1058.6,2,773.83,0
ATL,DTW,GammaFreight,Standard,568.8,661.9,1,782.68,0
CHI,BOS,GammaFreight,Expedited,700.8,2069.1,1,2399.89,0
CHI,DTW,GammaFreight,Standard,1087.0,1555.5,1,2242.37,1
LAX,NYC,GammaFreight,Economy,499.7,1509.5,1,712.76,1
ATL,SFO,AlphaTrans,Standard,629.2,489.1,1,1013.48,1
SEA,SJC,DeltaHaul,Expedited,386.0,1157.6,1,1131.04,0
LAX,MSP,AlphaTrans,Expedited,1115.6,1532.1,1,3599.32,0
PHX,MSP,DeltaHaul,Standard,849.0,2230.4,2,2174.1,1
HOU,SFO,DeltaHaul,Economy,842.2,1795.6,1,1527.22,0
CHI,PHL,BetaLogix,Standard,922.6,1080.9,1,1761.79,1
SEA,DTW,DeltaHaul,Standard,857.6,1596.4,1,1928.29,0
DAL,NYC,DeltaHaul,Expedited,256.4,1436.3,2,923.63,0
SEA,SFO,GammaFreight,Expedited,367.0,1650.6,1,1207.3,0
HOU,BOS,GammaFreight,Expedited,1227.6,1093.5,1,3220.11,1
LAX,MIA,AlphaTrans,Standard,640.3,1328.3,2,1340.35,0
PHX,MIA,BetaLogix,Standard,388.5,828.0,2,794.06,0
ATL,MSP,DeltaHaul,Economy,459.2,1091.5,1,729.38,0
PHX,SJC,DeltaHaul,Standard,709.6,1853.5,1,1695.48,0
CHI,SFO,GammaFreight,Standard,789.3,1360.0,1,1380.94,0
CHI,MIA,AlphaTrans,Economy,717.5,546.0,2,985.28,0
SEA,BOS,AlphaTrans,Expedited,706.4,1019.1,1,1921.31,0
DEN,DTW,GammaFreight,Expedited,585.5,1577.9,2,1751.95,0
HOU,MSP,GammaFreight,Economy,591.5,374.5,1,558.83,1
SEA,PHL,DeltaHaul,Economy,409.5,1625.7,1,787.06,1
PHX,BOS,BetaLogix,Economy,627.9,1779.4,1,1332.5,1
HOU,MSP,AlphaTrans,Standard,214.0,1407.2,1,557.03,0
CHI,SFO,AlphaTrans,Expedited,462.6,945.1,2,1215.14,0
LAX,MSP,GammaFreight,Economy,473.8,436.8,1,414.66,1
ATL,SJC,GammaFreight,Standard,423.8,722.2,1,588.97,1
CHI,DTW,AlphaTrans,Expedited,308.4,2038.0,2,1113.4,1
CHI,MSP,BetaLogix,Standard,620.9,1178.6,1,1334.9,1
HOU,BOS,DeltaHaul,Economy,694.2,1870.2,2,1376.67,0
PHX,BOS,DeltaHaul,Economy,883.8,1089.3,3,1398.28,0
ATL,MIA,AlphaTrans,Economy,525.9,894.8,1,676.66,0
CHI,SJC,BetaLogix,Economy,361.5,1227.3,2,630.14,0
HOU,PHL,DeltaHaul,Economy,353.9,1878.1,1,612.61,1
DAL,DTW,DeltaHaul,Economy,775.1,1541.6,1,1349.13,1
DEN,DTW,BetaLogix,Standard,131.0,719.0,2,361.5,1
CHI,SJC,BetaLogix,Expedited,394.0,898.3,1,1078.87,1
DAL,DTW,AlphaTrans,Expedited,460.6,562.8,1,1119.14,1
ATL,NYC,GammaFreight,Expedited,436.2,1903.7,1,1400.62,0
ATL,SFO,GammaFreight,Standard,1090.1,1343.7,2,2094.85,1
CHI,SFO,DeltaHaul,Standard,401.4,1392.6,1,813.61,0
DEN,BOS,AlphaTrans,Economy,500.2,1465.6,2,894.43,0
SEA,MIA,BetaLogix,Expedited,514.9,1232.4,1,1673.54,1
LAX,MIA,AlphaTrans,Standard,839.8,896.8,1,1547.83,1
PHX,SFO,GammaFreight,Standard,671.6,258.3,1,968.0,1
HOU,SJC,BetaLogix,Expedited,434.8,1338.5,2,1418.46,0
HOU,NYC,AlphaTrans,Standard,707.1,2345.4,1,1729.85,1
LAX,NYC,DeltaHaul,Economy,461.8,772.7,1,762.63,0
DEN,PHL,AlphaTrans,Expedited,503.7,346.5,1,1108.97,0
DAL,BOS,AlphaTrans,Economy,1398.4,1098.4,1,2025.54,0
SEA,SFO,BetaLogix,Standard,830.0,1432.7,2,1929.11,0
PHX,DTW,BetaLogix,Standard,330.8,743.8,1,620.45,0
SEA,SJC,DeltaHaul,Standard,251.0,943.8,1,482.84,0
ATL,NYC,DeltaHaul,Expedited,294.8,627.8,1,662.12,1
CHI,MSP,AlphaTrans,Standard,517.3,1272.4,2,998.56,0
HOU,NYC,GammaFreight,Expedited,828.1,1430.5,1,2360.27,1
HOU,MIA,GammaFreight,Standard,368.7,1072.4,1,777.03,1
CHI,PHL,DeltaHaul,Economy,555.6,794.1,2,715.71,0
CHI,SFO,BetaLogix,Economy,436.5,1547.2,2,716.74,0
HOU,PHL,GammaFreight,Expedited,925.0,1618.9,1,2705.86,0
HOU,DTW,DeltaHaul,Standard,928.7,1149.7,1,1895.38,1
HOU,NYC,AlphaTrans,Expedited,752.0,1430.9,1,2249.41,0
CHI,PHL,BetaLogix,Standard,962.1,1683.3,1,2194.48,1
SEA,MSP,AlphaTrans,Expedited,1026.7,829.3,1,2676.17,0
DAL,NYC,AlphaTrans,Economy,680.5,532.8,1,773.48,0
HOU,SJC,BetaLogix,Expedited,1052.1,1636.7,2,3596.91,1
DEN,MIA,AlphaTrans,Standard,565.2,2230.1,1,1310.95,0
PHX,SJC,GammaFreight,Expedited,858.5,248.0,2,1866.6,1
DEN,BOS,AlphaTrans,Economy,882.6,2042.8,2,1745.61,1
DAL,MSP,AlphaTrans,Standard,589.8,1218.6,3,1216.82,0
HOU,DTW,GammaFreight,Economy,506.4,1735.8,2,992.31,0
CHI,DTW,DeltaHaul,Standard,711.4,591.1,2,1177.79,1
LAX,SFO,BetaLogix,Standard,124.8,974.4,1,176.26,0
DAL,BOS,BetaLogix,Economy,977.2,1717.4,1,1909.91,1
DEN,DTW,GammaFreight,Standard,941.4,1724.2,2,1936.68,1
DEN,PHL,AlphaTrans,Expedited,705.9,1101.0,1,1949.6,0
PHX,NYC,GammaFreight,Standard,810.5,1202.8,1,1695.32,0
LAX,BOS,BetaLogix,Expedited,374.2,1020.9,2,1064.72,0
HOU,MIA,BetaLogix,Standard,697.6,589.1,1,1220.5,1
DEN,MSP,DeltaHaul,Economy,706.5,1308.8,1,1211.95,1
HOU,SJC,AlphaTrans,Expedited,468.7,1181.3,1,1385.2,0
SEA,PHL,GammaFreight,Standard,359.2,1052.3,2,580.81,1
CHI,PHL,AlphaTrans,Economy,271.1,587.6,2,458.22,0
LAX,MSP,BetaLogix,Standard,829.5,1126.3,3,1724.57,0
LAX,BOS,BetaLogix,Expedited,987.1,1347.4,1,3175.13,0
HOU,PHL,AlphaTrans,Expedited,731.8,1541.3,1,2153.06,1
PHX,SFO,AlphaTrans,Standard,849.6,1329.1,1,1880.52,0
DEN,BOS,BetaLogix,Expedited,752.9,462.6,1,1812.91,0
ATL,BOS,GammaFreight,Economy,218.8,1111.5,1,366.72,1
DEN,SJC,BetaLogix,Expedited,647.2,1723.9,1,2173.17,1
DEN,MIA,AlphaTrans,Standard,726.5,968.7,2,1223.04,1
SEA,MSP,GammaFreight,Expedited,545.4,251.5,2,1098.73,1
DEN,PHL,DeltaHaul,Expedited,176.6,1000.8,2,601.7,1
ATL,DTW,AlphaTrans,Expedited,169.8,950.2,1,543.66,1
LAX,MIA,AlphaTrans,Standard,604.0,1797.0,1,1322.17,1
DEN,PHL,DeltaHaul,Standard,563.2,1587.5,1,1384.84,0
LAX,BOS,DeltaHaul,Expedited,373.6,2202.2,1,1313.82,1
DEN,MSP,GammaFreight,Expedited,431.6,1395.9,1,1213.73,1
DAL,PHL,BetaLogix,Expedited,779.4,2519.7,1,3241.28,1
HOU,MSP,DeltaHaul,Economy,581.4,2286.2,2,1108.18,1
ATL,MSP,AlphaTrans,Standard,614.7,1554.4,2,1104.75,0
CHI,MIA,AlphaTrans,Standard,369.5,1724.9,1,900.98,0
PHX,MSP,BetaLogix,Standard,1235.5,1731.7,1,2944.43,0
DAL,BOS,BetaLogix,Standard,409.4,1617.1,1,969.64,1
ATL,SJC,GammaFreight,Economy,469.2,807.9,1,532.69,1
HOU,PHL,BetaLogix,Standard,486.4,1158.2,2,1041.18,0
HOU,MIA,BetaLogix,Expedited,425.9,1139.8,1,1237.62,0
SEA,MSP,AlphaTrans,Standard,86.2,1786.6,2,176.09,0
HOU,SJC,AlphaTrans,Expedited,408.8,1527.9,1,1360.47,1
ATL,PHL,BetaLogix,Standard,674.8,1342.0,3,1444.12,0
HOU,SJC,GammaFreight,Economy,214.9,639.0,1,275.81,0
DEN,MIA,DeltaHaul,Economy,253.0,991.6,1,393.71,1
SEA,SFO,DeltaHaul,Economy,847.1,967.4,2,1199.44,1
CHI,DTW,GammaFreight,Economy,393.4,2269.7,1,704.24,1
DEN,MIA,AlphaTrans,Economy,734.8,1144.3,1,1139.51,1
SEA,NYC,DeltaHaul,Standard,359.9,823.3,1,761.04,0
HOU,MSP,GammaFreight,Expedited,612.8,1327.7,1,1712.87,0
DAL,DTW,DeltaHaul,Expedited,774.8,1391.0,1,2422.38,0
SEA,PHL,GammaFreight,Standard,581.6,1181.0,1,1035.73,0
CHI,DTW,AlphaTrans,Expedited,708.4,1988.3,1,2399.66,0
DEN,NYC,BetaLogix,Expedited,915.5,1846.0,1,3190.09,0
DAL,SFO,BetaLogix,Expedited,676.7,919.0,1,1935.36,1
SEA,MIA,AlphaTrans,Standard,240.2,859.6,2,407.35,1
SEA,DTW,AlphaTrans,Standard,776.4,525.0,1,1205.71,0
DAL,SJC,AlphaTrans,Expedited,701.6,3067.4,1,2968.94,1
DEN,BOS,BetaLogix,Standard,734.9,931.7,1,1315.14,0
PHX,DTW,GammaFreight,Economy,1011.4,1255.0,2,1428.71,0
LAX,BOS,BetaLogix,Economy,1143.4,1020.2,1,1765.76,0
LAX,SJC,BetaLogix,Expedited,706.1,619.2,3,1817.18,0
HOU,DTW,AlphaTrans,Economy,690.7,1919.4,1,1398.17,0
CHI,MIA,GammaFreight,Economy,850.1,1494.1,1,1390.4,0
DEN,SFO,DeltaHaul,Standard,422.7,1124.5,1,928.16,1
ATL,SJC,BetaLogix,Economy,386.1,333.3,2,420.17,1
PHX,DTW,GammaFreight,Expedited,850.0,1188.8,1,2233.44,1
LAX,MSP,DeltaHaul,Economy,586.6,1503.3,1,958.3,0
CHI,DTW,GammaFreight,Economy,689.5,740.8,1,865.03,0
LAX,MIA,AlphaTrans,Economy,286.1,1717.0,1,643.62,1
SEA,SJC,GammaFreight,Standard,1142.3,1850.4,1,2347.2,1
CHI,BOS,BetaLogix,Standard,516.3,1492.8,1,1160.96,0
PHX,BOS,DeltaHaul,Standard,542.8,769.4,3,977.85,1
HOU,BOS,DeltaHaul,Economy,747.1,931.9,1,1081.95,0
DAL,MSP,DeltaHaul,Standard,351.5,1487.2,1,779.15,1
LAX,DTW,GammaFreight,Standard,551.6,1824.6,2,1183.04,0
PHX,MIA,DeltaHaul,Standard,987.8,1012.0,1,1876.57,0
PHX,SFO,DeltaHaul,Expedited,653.0,1206.1,1,1917.5,1
DEN,SFO,AlphaTrans,Expedited,1679.7,911.7,1,4293.38,1
DAL,MSP,BetaLogix,Economy,366.7,1082.6,2,781.05,0
SEA,SFO,DeltaHaul,Economy,501.8,1900.3,1,922.11,0
DAL,MSP,GammaFreight,Standard,902.7,1234.0,1,1830.05,1
DEN,SJC,BetaLogix,Expedited,165.2,724.8,1,515.21,1
DEN,MSP,DeltaHaul,Economy,610.3,558.9,1,792.15,1
PHX,BOS,BetaLogix,Economy,243.6,1135.7,2,394.9,0
DEN,DTW,DeltaHaul,Standard,653.2,1987.3,1,1614.18,1
ATL,PHL,DeltaHaul,Expedited,283.5,732.7,2,609.74,0
ATL,SJC,DeltaHaul,Expedited,466.4,1529.4,1,1372.38,1
HOU,MIA,AlphaTrans,Economy,1007.8,1609.2,1,1615.33,1
CHI,MSP,BetaLogix,Standard,688.1,587.3,1,1092.38,1
DEN,BOS,AlphaTrans,Economy,407.0,769.0,1,552.65,0
HOU,SFO,AlphaTrans,Standard,227.1,975.5,1,438.94,0
CHI,MIA,GammaFreight,Expedited,647.6,1537.3,3,2105.46,1
PHX,SJC,DeltaHaul,Economy,313.5,264.6,2,433.62,1
SEA,SFO,AlphaTrans,Standard,454.3,1882.5,2,1096.18,1
DEN,NYC,GammaFreight,Standard,339.9,745.4,1,578.76,1
ATL,BOS,BetaLogix,Standard,336.5,983.9,2,720.64,1
PHX,MSP,BetaLogix,Economy,797.6,160.0,1,901.62,0
HOU,SFO,AlphaTrans,Economy,313.6,939.4,3,490.26,1
CHI,NYC,GammaFreight,Economy,906.8,2063.5,1,1529.47,0
SEA,SFO,DeltaHaul,Expedited,403.1,751.2,1,910.35,1
ATL,DTW,BetaLogix,Standard,675.1,1977.8,1,1671.65,0
CHI,BOS,GammaFreight,Standard,288.6,427.4,1,462.32,0
HOU,PHL,BetaLogix,Standard,122.7,786.6,1,333.55,0
LAX,SFO,DeltaHaul,Standard,1062.0,1251.5,1,2131.14,0
LAX,SFO,GammaFreight,Expedited,805.8,1396.0,1,2213.1,1
SEA,SJC,DeltaHaul,Standard,553.6,1425.5,1,1188.03,0
HOU,NYC,AlphaTrans,Expedited,945.3,523.5,1,2130.95,0
SEA,BOS,DeltaHaul,Economy,447.9,2005.4,1,746.96,0
DAL,SFO,BetaLogix,Economy,460.2,1166.1,3,708.07,1
SEA,SJC,AlphaTrans,Standard,784.1,1698.7,2,1778.27,0
DEN,SJC,DeltaHaul,Economy,501.2,880.6,1,739.08,0
LAX,MIA,AlphaTrans,Standard,593.7,1422.8,1,1280.65,1
SEA,MSP,DeltaHaul,Expedited,505.9,1062.5,1,1454.96,1
LAX,SJC,GammaFreight,Economy,911.8,1766.9,1,1597.94,1
LAX,BOS,AlphaTrans,Economy,210.5,1543.7,1,488.5,0
DAL,NYC,DeltaHaul,Expedited,446.7,1402.7,1,1440.33,1
ATL,NYC,AlphaTrans,Expedited,568.3,1270.0,1,1601.92,0
ATL,MSP,DeltaHaul,Expedited,643.8,406.6,1,1517.44,1
PHX,NYC,DeltaHaul,Standard,426.0,2000.4,2,1049.73,1
DEN,BOS,AlphaTrans,Standard,654.9,2394.1,2,1735.29,1
DAL,DTW,AlphaTrans,Economy,449.3,1376.8,3,767.03,0
SEA,SJC,GammaFreight,Economy,364.7,904.8,1,488.99,0
PHX,BOS,GammaFreight,Expedited,332.4,1119.2,1,915.29,1
DAL,SFO,AlphaTrans,Standard,841.8,1884.2,1,2093.61,0
HOU,NYC,BetaLogix,Expedited,689.0,1066.3,2,2098.06,0
PHX,SJC,DeltaHaul,Expedited,733.2,2012.4,1,2629.22,1
PHX,NYC,AlphaTrans,Standard,284.8,1460.4,3,665.72,1
HOU,SJC,AlphaTrans,Economy,422.6,757.5,1,683.45,1
PHX,SJC,DeltaHaul,Economy,332.6,1752.2,1,540.42,0
DEN,BOS,BetaLogix,Economy,418.2,1647.1,1,820.0,1
SEA,BOS,BetaLogix,Economy,786.5,913.6,1,1381.52,0
HOU,MIA,AlphaTrans,Economy,486.3,1372.4,1,813.57,1
ATL,NYC,GammaFreight,Standard,788.3,632.1,1,1195.7,0
SEA,SJC,GammaFreight,Standard,390.1,1266.7,1,671.94,0
DEN,BOS,BetaLogix,Expedited,370.6,1548.9,1,1223.52,0
CHI,BOS,DeltaHaul,Economy,448.5,942.7,1,748.05,1
LAX,SFO,AlphaTrans,Economy,678.9,1636.5,1,1214.82,0
HOU,NYC,AlphaTrans,Standard,801.9,1165.5,3,1586.67,0
DEN,MSP,AlphaTrans,Expedited,308.0,1004.0,1,916.33,1
LAX,DTW,DeltaHaul,Standard,249.6,2194.3,1,737.55,1
DAL,MIA,DeltaHaul,Standard,676.3,1755.6,1,1573.16,0
ATL,BOS,AlphaTrans,Economy,291.2,57.2,1,280.5,0
HOU,MSP,AlphaTrans,Standard,1239.2,1901.0,1,3038.61,1
SEA,SFO,DeltaHaul,Standard,836.6,1289.9,1,1610.11,0
SEA,SJC,BetaLogix,Economy,350.0,1427.6,1,628.3,1
CHI,SFO,GammaFreight,Economy,490.3,1037.2,2,683.94,0
SEA,MSP,BetaLogix,Economy,611.6,765.5,1,926.34,0
ATL,PHL,BetaLogix,Economy,815.8,1985.4,1,1625.46,0
DAL,SJC,AlphaTrans,Standard,409.6,1121.0,2,762.1,1
SEA,SJC,BetaLogix,Standard,1269.7,1039.5,2,2491.58,0
PHX,DTW,AlphaTrans,Economy,394.4,530.0,1,498.77,0
DEN,SJC,DeltaHaul,Standard,552.6,1573.3,1,1315.06,0
DEN,NYC,BetaLogix,Standard,251.2,754.8,2,458.92,1
PHX,SFO,AlphaTrans,Expedited,197.0,725.7,1,483.31,1
SEA,MIA,GammaFreight,Expedited,604.6,1742.3,1,1912.28,1
SEA,NYC,AlphaTrans,Expedited,396.2,203.6,1,956.02,1
LAX,MIA,AlphaTrans,Standard,233.4,613.5,1,422.33,1
ATL,SJC,GammaFreight,Economy,521.2,1595.5,2,699.36,1
DEN,SFO,AlphaTrans,Standard,677.0,1798.2,1,1423.12,0
LAX,NYC,AlphaTrans,Expedited,437.9,561.3,1,962.87,0
SEA,SFO,GammaFreight,Standard,613.3,1944.6,1,1278.77,1
HOU,SFO,AlphaTrans,Expedited,739.4,1610.5,2,2470.89,0
SEA,SFO,BetaLogix,Economy,720.2,837.2,2,1092.15,0
SEA,SJC,AlphaTrans,Economy,733.8,1613.1,1,1308.24,1
DAL,BOS,BetaLogix,Economy,356.2,1372.9,1,593.16,0
CHI,DTW,GammaFreight,Economy,1055.8,1105.4,2,1481.41,1
PHX,SJC,BetaLogix,Expedited,722.6,1552.4,2,2386.57,0
ATL,BOS,GammaFreight,Expedited,753.4,936.2,2,1909.86,1
SEA,MSP,AlphaTrans,Expedited,1000.8,1635.7,1,3146.74,1
LAX,DTW,AlphaTrans,Standard,810.3,966.8,1,1523.49,0
PHX,MIA,GammaFreight,Expedited,98.4,1490.6,1,288.24,1
PHX,MSP,BetaLogix,Economy,521.8,918.0,1,799.21,1
DAL,MSP,BetaLogix,Expedited,627.4,1127.9,2,1925.8,1
DEN,MSP,BetaLogix,Expedited,651.3,733.4,1,1737.0,0
DAL,BOS,BetaLogix,Standard,595.1,669.8,1,1240.51,0
DEN,DTW,AlphaTrans,Standard,386.3,1861.4,1,857.36,0
HOU,MIA,BetaLogix,Standard,409.5,1729.1,1,949.21,1
ATL,DTW,DeltaHaul,Standard,456.4,1964.9,1,1031.44,0
HOU,BOS,GammaFreight,Expedited,626.1,1483.0,1,1839.12,1
HOU,DTW,BetaLogix,Expedited,262.2,2314.8,1,1118.58,1
HOU,DTW,GammaFreight,Economy,694.2,846.9,3,965.77,0
DAL,SJC,GammaFreight,Economy,376.0,1417.9,2,790.66,1
PHX,SFO,AlphaTrans,Standard,328.1,141.8,1,441.32,1
LAX,MSP,GammaFreight,Expedited,546.9,1407.9,1,1462.86,0
LAX,MSP,BetaLogix,Economy,651.8,739.3,1,907.66,1
PHX,BOS,DeltaHaul,Expedited,838.7,1155.3,1,2299.44,0
PHX,PHL,BetaLogix,Expedited,624.7,536.0,1,1605.24,1
PHX,SJC,AlphaTrans,Expedited,299.0,846.5,2,698.41,1
CHI,SFO,BetaLogix,Expedited,852.9,2175.2,1,3243.19,1
SEA,PHL,GammaFreight,Standard,976.6,1590.4,1,1935.17,1
CHI,SFO,DeltaHaul,Economy,1071.4,683.1,1,1412.54,0
LAX,SJC,BetaLogix,Expedited,980.7,1250.7,1,2938.08,0
HOU,SJC,GammaFreight,Expedited,496.5,1841.2,1,1514.16,1
DAL,BOS,BetaLogix,Expedited,246.3,204.2,1,576.4,1
HOU,NYC,DeltaHaul,Economy,813.4,1802.5,1,1513.69,1
HOU,MIA,BetaLogix,Standard,402.6,1174.6,1,738.92,0
DEN,SFO,BetaLogix,Standard,287.2,2586.5,1,934.5,1
HOU,NYC,GammaFreight,Expedited,572.7,831.1,1,1377.55,1
ATL,NYC,DeltaHaul,Expedited,226.3,1647.7,3,802.8,1
ATL,BOS,GammaFreight,Standard,1258.8,253.7,1,1752.53,0
HOU,SFO,AlphaTrans,Economy,514.3,1175.3,2,769.96,1
CHI,MSP,GammaFreight,Expedited,341.0,1138.4,1,1028.91,0
CHI,NYC,DeltaHaul,Economy,238.4,851.1,1,336.34,0
LAX,MIA,GammaFreight,Standard,610.6,1223.3,2,1072.0,1
DAL,PHL,BetaLogix,Expedited,381.8,1556.4,1,1427.35,0
ATL,MSP,DeltaHaul,Expedited,445.5,2076.5,2,1801.71,1
SEA,BOS,DeltaHaul,Economy,658.0,1405.7,1,1018.47,1
HOU,DTW,BetaLogix,Economy,477.6,1228.4,1,845.93,1
SEA,SJC,AlphaTrans,Economy,216.6,1368.8,1,517.99,0
ATL,BOS,AlphaTrans,Expedited,456.0,1503.5,2,1458.63,1
SEA,DTW,AlphaTrans,Standard,682.8,1259.6,2,1414.23,0
LAX,MSP,BetaLogix,Standard,830.5,1946.5,3,2220.96,0
CHI,BOS,AlphaTrans,Standard,1006.8,1079.1,3,2054.9,1
DEN,MIA,BetaLogix,Economy,870.7,499.8,1,1197.54,0
CHI,SJC,DeltaHaul,Economy,859.5,1095.3,1,1189.5,1
DEN,BOS,BetaLogix,Standard,636.5,1326.0,1,1289.05,1
PHX,DTW,AlphaTrans,Expedited,847.0,1406.3,1,2518.57,1
DEN,DTW,GammaFreight,Standard,483.1,1722.8,1,1144.32,1
PHX,MIA,AlphaTrans,Economy,1070.6,1940.0,1,1830.16,1
DAL,DTW,DeltaHaul,Economy,962.6,673.2,1,1269.84,0
DAL,SJC,DeltaHaul,Economy,750.8,1224.2,2,1284.35,1
DEN,NYC,DeltaHaul,Economy,739.1,2150.4,3,1426.34,0
LAX,SFO,AlphaTrans,Standard,481.3,598.0,2,785.2,0
PHX,NYC,BetaLogix,Standard,560.7,876.7,2,977.05,0
DAL,SFO,BetaLogix,Expedited,524.8,1423.0,1,1642.26,0
LAX,MSP,GammaFreight,Economy,519.6,215.5,1,487.36,1
PHX,DTW,BetaLogix,Standard,477.9,469.8,1,804.99,1
PHX,BOS,GammaFreight,Economy,312.1,1578.5,1,423.38,0
SEA,NYC,DeltaHaul,Economy,653.3,1580.7,1,1211.37,0
SEA,MIA,GammaFreight,Economy,283.3,1554.1,1,376.34,0
DEN,MSP,GammaFreight,Expedited,735.2,1399.9,2,2083.7,0
ATL,BOS,GammaFreight,Economy,386.0,793.7,1,449.11,1
HOU,DTW,AlphaTrans,Economy,312.4,1210.7,1,452.43,1
CHI,NYC,DeltaHaul,Standard,384.0,1774.7,1,1125.34,0
DEN,NYC,AlphaTrans,Economy,1332.4,455.3,2,1559.73,0
PHX,MIA,DeltaHaul,Expedited,605.2,1791.8,3,2153.14,1
HOU,MIA,AlphaTrans,Expedited,413.5,528.3,1,888.62,0
SEA,NYC,AlphaTrans,Economy,912.6,1658.4,1,1638.93,0
ATL,SJC,DeltaHaul,Expedited,878.0,920.6,1,2390.89,1
SEA,MIA,DeltaHaul,Expedited,1181.1,1009.3,3,3341.78,0
DEN,MSP,BetaLogix,Expedited,313.6,634.5,1,870.78,1
DAL,PHL,GammaFreight,Expedited,708.6,2869.9,1,2877.33,1
PHX,SJC,DeltaHaul,Standard,444.2,1439.5,1,1092.25,1
CHI,SJC,BetaLogix,Economy,646.3,1923.4,2,1385.2,0
PHX,MSP,AlphaTrans,Standard,695.4,357.3,1,976.69,1
DAL,PHL,GammaFreight,Standard,457.9,1697.8,1,1046.19,1
HOU,MIA,GammaFreight,Standard,800.6,1778.3,1,1706.56,0
SEA,NYC,BetaLogix,Expedited,42.3,1290.4,1,262.56,0
DAL,MIA,AlphaTrans,Expedited,760.3,1046.7,1,1909.33,1
LAX,MSP,DeltaHaul,Expedited,186.5,797.0,1,524.84,0
HOU,MIA,BetaLogix,Economy,289.1,1571.8,2,447.46,1
DAL,SFO,GammaFreight,Economy,500.4,800.5,1,700.13,1
HOU,DTW,AlphaTrans,Economy,642.7,1369.7,1,971.8,0
DAL,PHL,AlphaTrans,Expedited,429.7,1807.9,1,1345.56,1
DAL,BOS,BetaLogix,Expedited,747.4,2014.3,2,2642.44,1
SEA,BOS,BetaLogix,Expedited,849.5,1499.7,1,2732.59,0
SEA,BOS,BetaLogix,Standard,658.3,1077.7,1,1354.31,1
SEA,MSP,AlphaTrans,Standard,1179.0,1558.5,1,2548.9,0
HOU,MIA,DeltaHaul,Expedited,549.0,1645.7,2,1816.46,1
ATL,BOS,DeltaHaul,Standard,233.0,487.7,1,367.22,1
DEN,SFO,GammaFreight,Expedited,371.2,1137.1,1,1041.03,1
HOU,MIA,AlphaTrans,Expedited,512.5,916.7,1,1566.73,1
CHI,NYC,DeltaHaul,Standard,561.7,1579.5,1,1284.88,0
CHI,NYC,AlphaTrans,Expedited,185.8,69.2,1,306.63,1
ATL,MIA,AlphaTrans,Economy,388.7,1122.8,1,482.61,0
DAL,SJC,AlphaTrans,Economy,542.7,1490.4,1,871.57,0
HOU,PHL,BetaLogix,Standard,285.8,624.9,1,577.48,0
DEN,PHL,DeltaHaul,Expedited,737.9,1240.8,1,2122.15,0
PHX,DTW,BetaLogix,Expedited,737.0,1437.7,1,2315.88,1
SEA,NYC,GammaFreight,Expedited,654.5,80.2,2,1190.07,1
DAL,BOS,AlphaTrans,Standard,446.3,1245.7,3,863.73,0
DAL,MSP,AlphaTrans,Expedited,742.6,873.9,1,1982.91,0
PHX,SFO,GammaFreight,Economy,548.0,780.0,1,669.44,0
CHI,MIA,DeltaHaul,Economy,395.3,1748.8,1,769.34,0
SEA,MSP,AlphaTrans,Economy,407.0,2341.2,2,804.48,0
DEN,SFO,AlphaTrans,Standard,282.7,1601.2,1,506.35,0
SEA,SFO,DeltaHaul,Economy,542.0,1593.9,1,1119.74,0
HOU,SJC,GammaFreight,Economy,787.8,383.2,1,850.72,1
LAX,SFO,GammaFreight,Standard,545.3,997.5,3,1084.65,1
SEA,MIA,DeltaHaul,Expedited,487.4,1362.9,2,1512.17,1
DEN,BOS,DeltaHaul,Expedited,646.4,841.5,2,1867.39,1
SEA,MSP,GammaFreight,Expedited,500.7,2491.9,2,1942.76,1
CHI,SJC,GammaFreight,Economy,544.6,1200.5,1,941.63,0
SEA,MIA,AlphaTrans,Expedited,536.5,2003.9,1,1872.17,1
PHX,SJC,GammaFreight,Economy,314.0,1499.2,1,449.39,1
DAL,NYC,GammaFreight,Expedited,467.1,1485.3,2,1350.67,0
DAL,DTW,BetaLogix,Economy,393.8,1445.5,2,782.03,0
LAX,MSP,BetaLogix,Standard,345.7,2208.9,1,825.89,1
DAL,MSP,GammaFreight,Economy,212.1,1179.1,1,286.88,0
ATL,BOS,DeltaHaul,Standard,462.1,710.1,1,766.33,1
LAX,NYC,GammaFreight,Standard,344.1,1187.6,2,596.89,1
SEA,SFO,DeltaHaul,Standard,300.1,712.1,1,531.57,1
DAL,BOS,BetaLogix,Expedited,620.0,769.4,1,1804.56,1
CHI,SFO,DeltaHaul,Expedited,542.7,998.6,1,1544.03,1
CHI,NYC,GammaFreight,Expedited,539.6,925.4,1,1373.9,0
DEN,SJC,BetaLogix,Standard,708.5,213.7,3,1082.89,1
ATL,MIA,BetaLogix,Standard,293.6,1223.9,1,745.68,1
LAX,SJC,BetaLogix,Economy,535.0,1576.3,1,814.32,1
LAX,DTW,AlphaTrans,Economy,463.6,1113.0,1,702.01,1
PHX,SJC,BetaLogix,Standard,1250.1,2124.0,1,3256.66,0
DAL,BOS,DeltaHaul,Standard,322.2,1557.7,1,684.86,0
DAL,SFO,DeltaHaul,Expedited,1142.6,1631.8,1,3792.69,0
HOU,MSP,GammaFreight,Expedited,457.4,507.4,1,1051.01,1
SEA,PHL,GammaFreight,Economy,155.8,1236.4,1,228.83,1
ATL,SFO,BetaLogix,Standard,556.8,1657.7,2,1351.19,0
LAX,NYC,AlphaTrans,Expedited,283.6,923.3,2,761.28,1
DAL,NYC,GammaFreight,Expedited,1079.9,2318.0,1,3891.36,1
PHX,MSP,DeltaHaul,Economy,554.6,1770.6,2,1058.47,0
SEA,SJC,DeltaHaul,Expedited,474.9,1574.6,1,1592.05,1
LAX,SJC,BetaLogix,Economy,319.6,1173.8,1,459.06,0
SEA,DTW,GammaFreight,Expedited,872.0,83.2,2,1665.09,1
ATL,MIA,DeltaHaul,Standard,290.1,1684.4,1,586.95,0
CHI,BOS,BetaLogix,Expedited,528.4,939.9,2,1595.01,1
ATL,DTW,GammaFreight,Economy,650.1,881.7,2,810.31,0
LAX,MSP,AlphaTrans,Standard,605.3,1076.2,2,1218.35,0
DAL,PHL,AlphaTrans,Expedited,543.5,565.0,2,1372.7,1
LAX,NYC,AlphaTrans,Economy,295.6,743.1,1,394.63,0
HOU,BOS,AlphaTrans,Expedited,737.6,1621.7,1,2264.25,0
SEA,PHL,GammaFreight,Economy,546.5,1517.7,1,838.01,0
ATL,MSP,GammaFreight,Economy,730.8,1376.3,1,1041.58,0
HOU,MSP,AlphaTrans,Economy,469.7,424.7,1,402.95,1
LAX,MSP,DeltaHaul,Expedited,532.4,1893.6,1,2000.94,1
DEN,MIA,GammaFreight,Expedited,296.0,1524.3,1,856.18,1
PHX,BOS,BetaLogix,Economy,419.2,418.8,1,540.06,1
LAX,SFO,DeltaHaul,Economy,326.6,1655.3,2,524.64,1
SEA,SJC,DeltaHaul,Economy,754.0,988.9,1,1079.66,1
HOU,SJC,DeltaHaul,Economy,573.1,1524.9,2,871.3,1
DAL,MSP,AlphaTrans,Economy,443.2,412.3,1,499.42,0
DAL,PHL,DeltaHaul,Economy,385.3,984.9,2,551.47,1
ATL,SFO,GammaFreight,Economy,488.1,69.7,1,355.87,1
PHX,MSP,DeltaHaul,Economy,1118.8,1200.1,1,1769.23,0
SEA,SJC,DeltaHaul,Expedited,485.9,1531.4,1,1588.57,0
HOU,SFO,BetaLogix,Standard,563.7,876.7,1,997.93,0
ATL,SJC,BetaLogix,Standard,221.1,1341.2,2,552.26,0
ATL,DTW,GammaFreight,Expedited,489.0,603.8,2,1176.94,1
PHX,DTW,DeltaHaul,Economy,684.8,1211.4,1,996.81,1
PHX,DTW,AlphaTrans,Expedited,445.1,1951.9,2,1628.66,0
CHI,PHL,BetaLogix,Economy,681.6,1161.4,1,1019.67,1
SEA,SFO,AlphaTrans,Standard,585.3,1731.7,2,1551.92,1
ATL,PHL,GammaFreight,Expedited,983.2,1586.4,1,3065.99,1
SEA,SFO,GammaFreight,Standard,537.0,1721.0,1,1118.91,0
SEA,MIA,DeltaHaul,Expedited,935.1,480.9,1,2243.86,0
ATL,MIA,GammaFreight,Expedited,799.2,1669.0,1,2431.01,1
CHI,MSP,DeltaHaul,Standard,466.6,1971.4,1,1128.78,0
ATL,BOS,AlphaTrans,Standard,496.0,2094.6,1,1164.23,0
ATL,SFO,AlphaTrans,Standard,572.6,812.7,2,1028.53,1
SEA,MIA,BetaLogix,Economy,597.1,1286.8,1,992.96,0
ATL,MIA,BetaLogix,Standard,841.3,590.1,1,1420.9,0
HOU,MSP,DeltaHaul,Standard,626.6,997.6,1,1172.03,0
CHI,MIA,AlphaTrans,Standard,929.2,651.2,3,1555.81,0
PHX,NYC,GammaFreight,Expedited,271.5,1777.6,1,1004.8,0
DAL,SFO,AlphaTrans,Economy,606.8,1761.3,1,1168.92,1
ATL,BOS,BetaLogix,Expedited,708.9,1550.9,1,2491.51,0
PHX,MIA,GammaFreight,Economy,321.1,1362.5,1,470.32,0
HOU,PHL,BetaLogix,Standard,653.9,1394.4,1,1434.02,0
HOU,NYC,GammaFreight,Expedited,228.3,1176.7,1,619.71,1
HOU,SFO,AlphaTrans,Expedited,1184.0,1571.5,1,3549.22,1
CHI,SJC,BetaLogix,Economy,572.6,1804.8,1,936.97,0
DEN,MSP,GammaFreight,Economy,617.9,1637.5,2,937.9,1
DEN,DTW,BetaLogix,Standard,681.1,1877.5,1,1658.77,0
CHI,BOS,AlphaTrans,Standard,459.7,2599.3,1,1199.7,0
PHX,MIA,BetaLogix,Standard,391.4,1598.9,2,1043.09,0
LAX,PHL,BetaLogix,Expedited,956.7,701.6,1,2540.61,1
ATL,DTW,DeltaHaul,Standard,988.8,734.1,1,1795.59,1
DAL,NYC,GammaFreight,Standard,589.2,694.2,3,1090.13,0
DAL,PHL,DeltaHaul,Standard,1046.0,1148.2,2,2168.77,0
LAX,PHL,GammaFreight,Expedited,1079.4,1195.1,2,2980.18,1
DAL,NYC,DeltaHaul,Economy,555.1,1259.6,1,950.23,1
ATL,PHL,AlphaTrans,Expedited,959.7,1259.1,1,2712.57,1
DAL,MIA,DeltaHaul,Standard,447.9,1416.1,3,1042.96,1
ATL,MSP,DeltaHaul,Economy,167.9,1336.9,1,435.43,1
CHI,NYC,GammaFreight,Expedited,583.6,1963.2,1,2049.09,0
DEN,SFO,DeltaHaul,Standard,316.4,1920.8,1,811.66,0
CHI,NYC,GammaFreight,Expedited,683.6,1145.2,3,1890.4,0
ATL,SJC,BetaLogix,Expedited,844.9,1389.4,1,2662.27,1
DEN,BOS,AlphaTrans,Standard,702.1,2128.1,1,1620.54,1
DEN,DTW,AlphaTrans,Standard,582.7,972.4,1,1023.31,1
SEA,SJC,GammaFreight,Economy,336.4,807.6,1,601.09,1
ATL,SJC,BetaLogix,Economy,126.3,872.8,2,159.93,0
CHI,MSP,AlphaTrans,Economy,476.7,565.5,1,528.36,0
ATL,MIA,AlphaTrans,Standard,233.4,954.8,2,306.94,1
LAX,DTW,BetaLogix,Expedited,579.1,431.3,1,1339.02,0
CHI,SFO,DeltaHaul,Economy,531.8,851.2,1,894.42,0
DAL,MSP,GammaFreight,Standard,539.7,1994.5,2,1299.65,0
CHI,MSP,GammaFreight,Economy,720.4,434.4,1,927.03,0
DAL,MSP,DeltaHaul,Standard,618.2,1213.4,1,1340.0,1
PHX,SJC,GammaFreight,Expedited,621.2,842.5,2,1671.79,0
DAL,MIA,BetaLogix,Standard,354.4,1299.6,2,827.93,1
LAX,MIA,BetaLogix,Economy,386.3,1207.5,1,578.81,1
CHI,NYC,AlphaTrans,Standard,367.7,1568.9,1,923.41,0
CHI,SJC,DeltaHaul,Expedited,693.1,1346.8,1,2261.71,1
